Time,asks,bids,price,bookratio_1_pct,bookratio_5_pct,bookratio_10_pct,order
20200622020000,3817188.24713867,2659788.2769451,9367.07125,-0.36126756614182476,0.1517285690675054,0.07351146781034876,2
20200622030000,3880325.66498849,2631344.57018126,9370.520846774201,-0.38842412542407145,0.07973613955266037,0.03116177204180943,2
20200622040000,4159579.1342337006,2587023.51636188,9387.57451923077,-0.47490590613164296,-0.17218699763459533,-0.03848753271245195,0
20200622050000,4303446.28980102,2505406.13697472,9422.493210526321,-0.5409653125202516,-0.31904993679042876,-0.0755651113878947,0
20200622060000,3888867.69172199,2544897.96649135,9408.85973451327,-0.4240274759914145,-0.26628596216541695,-0.07058625952777635,0
20200622070000,4492360.37327681,2530890.14217814,9419.48246268656,-0.5738071835188613,-0.3295693350121469,-0.08647916163129438,0
20200622080000,4340451.79730422,2642947.02612757,9414.673545454549,-0.496083851118796,-0.3099161914528981,-0.08882448205277745,0
20200622090000,4166700.24380408,2655991.82694059,9417.22495726496,-0.4503062597173056,-0.30839435553961436,-0.08615865144556833,0
20200622100000,4376022.89555153,2681096.3377813,9422.67927586207,-0.489914505045494,-0.3353499274263737,-0.0886168845825596,0
20200622110000,4205763.42717618,2741667.51713603,9432.20038888889,-0.4278895110030883,-0.3447109341416634,-0.10334984141693468,0
20200622120000,3885876.61005737,2762862.85721265,9472.40044247788,-0.3410811887759353,-0.45684856528275375,-0.24951696304080767,1
20200622130000,3365879.47105881,2793408.81726242,9474.958873873871,-0.18642663901417497,-0.2961123455478903,-0.1744525460649957,1
20200622140000,3702421.61731549,2787242.85770081,9467.811388888891,-0.2839342125579487,-0.3112611289679306,-0.20790040763370687,1
20200622150000,3468966.91455637,2929519.23390025,9475.79279661017,-0.16901850491096784,-0.4487253007677329,-0.2360795445804329,3
20200622160000,4050853.91276714,2997338.41804344,9540.896153846159,-0.3012030006597346,-0.8116874135588515,-0.32617286503043036,3
20200622170000,3333016.77520152,3044284.96407286,9584.39603448276,-0.09061178175464622,-0.9096270029518658,-0.3802245770343041,3
20200622180000,3281367.77645182,2650918.0008877004,9586.90982300885,-0.21335434504994305,-0.9183310614224488,-0.4057860600374395,3
20200622190000,3812129.33248224,3614091.85058695,9571.71225409836,-0.053347305877932204,-0.7156473874495852,-0.3452716472095057,3
20200622200000,3909607.84057727,4034163.10630242,9598.06398305085,0.03136179917093285,-0.6989469391876186,-0.30670214074594665,3
20200622210000,3286979.30980649,3190958.28954662,9691.61103960396,-0.029647724178919876,-0.754418529741185,-0.4122676894537479,3
20200622220000,4191107.68335335,3871050.32692196,9662.53195833333,-0.07943919004081099,-0.7806492363641966,-0.4327079829299658,3
20200622230000,4055456.89083435,3329552.83619646,9680.40840909091,-0.19722534311782874,-0.7767701048159412,-0.448150161637643,3
20200623000000,3575401.30006451,3281210.55685207,9688.46768115942,-0.08586499509585553,-0.7536682531195859,-0.4394422875550651,3
20200623010000,3091492.87476242,4110061.24340192,9638.886557377049,0.2847838242376223,-0.7008495728811344,-0.3794220592660195,3
20200623020000,3065682.97381231,4138228.84888456,9642.61421487603,0.2999975074991495,-0.6730063933316457,-0.35593489236642684,3
20200623030000,3038196.96713643,4137463.34312787,9635.963595041321,0.30881864444958246,-0.6078703351535605,-0.2790188077298403,3
20200623040000,3917663.47546979,4315983.278930999,9632.73368181818,0.09682974926675307,-0.721159120684901,-0.3264045641679172,3
20200623050000,6825075.42853625,4593975.61785249,9626.79732142857,-0.3958575959468456,-0.6650100412165326,-0.3053679668180311,1
20200623060000,6653037.37866507,4361753.74788584,9621.86734126984,-0.42219928682181707,-0.6614985921473466,-0.30593135115938536,1
20200623070000,6090661.06237461,4043032.03269625,9636.818000000001,-0.40976171103175274,-0.6753920242854806,-0.2993921966493396,1
20200623080000,3081695.17044678,3853264.71545463,9618.01007462687,0.2234409414124587,-0.503703622988043,-0.20266732130631726,3
20200623090000,3417676.27424461,2991881.2449235,9600.115654205609,-0.13305849971043623,-0.5372705344082015,-0.22663983273761695,3
20200623100000,3300429.31428474,3245514.9315509996,9592.290390625,-0.016778533074204297,-0.5666645785833743,-0.22304855328365822,3
20200623110000,3223238.9886368997,3069576.02828428,9617.301181102359,-0.04884730054690582,-0.6032003893250764,-0.2396179510813254,3
20200623120000,3300320.60060464,3199633.62132801,9632.36449612403,-0.030983305536067842,-0.6101706401876962,-0.24248751083783465,3
20200623130000,3080426.81630908,3491136.17541037,9633.37375,0.12515907081905409,-0.5840360334435242,-0.23639599702995692,3
20200623140000,3145439.88986008,3159969.36811059,9650.047890625,0.004608583954532693,-0.6383662866852998,-0.2569607090151285,3
20200623150000,3349242.2417421,3268550.42660211,9664.64877777778,-0.0243875317478295,-0.6487093429416319,-0.2783154461075165,3
20200623160000,3485664.4617767,3035139.82264089,9669.56544354839,-0.1384011958759351,-0.6623070650382087,-0.2968288246874356,3
20200623170000,3431766.59950369,3197166.40449177,9653.39416666667,-0.07081025325162503,-0.6610792248512978,-0.2816597340828531,3
20200623180000,3604397.34989961,3052828.24281479,9660.14026515152,-0.16608613246292436,-0.6999346127632201,-0.30542931162688286,3
20200623190000,3544138.80475963,3062947.67801596,9657.17504950495,-0.14591745234027947,-0.7061299888576117,-0.30127175803208095,3
20200623200000,3450805.4362826003,3201887.68453943,9648.82616935484,-0.07486712628702398,-0.680315617419399,-0.2916521665548274,3
20200623210000,2508856.76936751,2333251.39014685,9634.21983333333,-0.07256443775200434,-0.7164772956332776,-0.27432687424360414,3
20200623220000,2762746.69315135,2514221.60086899,9634.059117647059,-0.09426211053578151,-0.7112469442354931,-0.2601783303954316,3
20200623230000,2890998.81378514,3126797.27347185,9609.29422131147,0.07840719265578171,-0.6099113775818213,-0.2309043223552239,3
20200624000000,3294011.38125452,3183226.68071545,9628.59327731093,-0.0342107250734676,-0.5905511402728959,-0.2337267999072879,3
20200624010000,3313110.45574145,3402323.7084073997,9625.18662280702,0.02657117897107951,-0.45936091131082213,-0.21370408745614183,3
20200624020000,3548322.09301653,3419479.99699446,9642.43452173913,-0.036986350047016975,-0.5831044581233221,-0.26383710881188965,3
20200624030000,3460942.02391056,4101298.15334019,9644.293124999991,0.1697627331026598,-0.5888898406635129,-0.26655758580860217,3
20200624040000,3470754.62182916,3632462.72903502,9644.2298,0.04553881540929345,-0.6217973351277768,-0.2825151929603285,3
20200624050000,3431414.73900663,3034087.57684708,9641.07061797752,-0.12306189083743643,-0.6750091506595399,-0.3053780434277392,3
20200624060000,3501530.36427648,2543385.98908473,9650.91270408163,-0.3197038600120607,-0.7143277919181708,-0.31576340888203025,1
20200624070000,2798009.22373011,2514019.46066369,9601.760242718441,-0.10702532172741568,-0.6022772442051583,-0.2566915326799606,3
20200624080000,2562756.32601796,2423530.80412434,9519.73068965517,-0.05585788231101417,-0.33085287196122004,-0.11595724411164156,3
20200624090000,2740730.58162774,2970093.50959832,9505.299653465341,0.08036891654263531,-0.1515995617909733,-0.1209247684210942,3
20200624100000,2597124.40582542,2554356.49846895,9460.04875,-0.01660450296647627,-0.06156211985245098,-0.08603779650805451,5
20200624110000,2640475.3654207,2601934.64366032,9365.372208333341,-0.0147037015657785,0.34615266893782903,0.02034475321551628,2
20200624120000,2594889.78223235,2678296.86449045,9356.7761627907,0.03163705159600063,0.42873037307230427,0.035241943493533615,2
20200624130000,2470287.92329435,3140663.07822202,9391.22579268293,0.24009923705319214,0.2455742179009421,0.04797716449030191,4
20200624140000,2523905.68511704,3558954.34184808,9323.77038461539,0.3436592007655628,0.6629129400797573,0.16148019516718704,4
20200624150000,3106336.19272823,4093796.93934698,9273.89642201835,0.2760289277958812,0.7795910769143316,0.17079747599109454,4
20200624160000,3309985.68914471,2916583.29300463,9277.51952173913,-0.12653103982109765,0.6622436698335084,0.10861113130603586,2
20200624170000,2786278.51627854,3113573.11924037,9290.39928571428,0.11106413932460854,0.695394332517803,0.1125030201160076,2
20200624180000,2890224.20744274,2943792.49434653,9306.7712601626,0.01836463458005635,0.6318617912403298,0.10078651157313112,2
20200624190000,2727279.32120004,3112073.87321483,9308.579854368929,0.13198481757976163,0.6395101090060035,0.1096231818843913,4
20200624200000,2665608.97833262,3106839.29135862,9300.97331932773,0.15317336316689578,0.6592071511275235,0.11944673574766303,4
20200624210000,2201006.15610003,3009255.89808432,9263.291404109592,0.31277823876425065,0.7998439903903113,0.158721307306199,4
20200624220000,2776049.72603378,3821308.7219533,9271.90260869565,0.3195640059948779,0.7813142921337661,0.1556965899584746,4
20200624230000,3139867.9562617,3120774.15701486,9294.961553030309,-0.0060996485987212514,0.6148158476337743,0.10190197071783012,2
20200625000000,2899393.16499517,3731636.98777569,9268.54361313869,0.2523455464515521,0.7711585291042317,0.15560887919212177,4
20200625010000,2973152.60897175,3622845.77655063,9275.91635135135,0.19763696878078071,0.715774165180279,0.13351678052148802,4
20200625020000,2913805.18147122,4069766.81351534,9252.095113636371,0.33412585434820247,0.7818497633728131,0.17335770638360176,4
20200625030000,3043049.78806588,3253716.34171372,9105.48740740741,0.06693760052525861,0.7880835837729352,0.29645183847273354,2
20200625040000,2896797.76140214,2418353.69475889,9111.07539130435,-0.18051888944253275,0.6702593650165284,0.09471027361250473,2
20200625050000,2671161.90915806,2314138.45716578,9147.643820754709,-0.14347608818275853,0.5464855402656318,0.05005585604947162,2
20200625060000,2665682.02293884,2819508.67209029,9172.844798387092,0.0561026965876379,0.5160115626700322,0.06511726018846799,2
20200625070000,2754406.45817646,3011615.13227186,9159.601503759399,0.08927454592738406,0.5764224336544099,0.09008622593472065,2
20200625080000,3145325.33602649,2416869.54592546,9275.94777777778,-0.26344420356672305,0.08733315766691312,-0.06773479012356758,2
20200625090000,2989302.94688992,2509063.79240555,9274.88459183674,-0.17513053960181282,0.10543167890112211,-0.056735563940375294,2
20200625100000,3091423.80106955,2326808.78420191,9260.81536764706,-0.2841340535537274,0.1506417634722398,-0.03876173454714364,2
20200625110000,3131654.97821212,2402916.33668859,9264.59651785714,-0.26487847189184316,0.1172476172916499,-0.04793346196737934,2
20200625120000,2600362.00627687,2818828.41546021,9193.484203539821,0.08067067459509931,0.43191664791331774,0.031011438172445834,4
20200625130000,2637786.40143437,2984599.74775362,9206.95744,0.123525568870779,0.39466687516019855,0.012209469023968146,4
20200625140000,3044319.28917054,2908408.83600983,9236.912451923079,-0.04567118592717539,0.2810355968735935,-0.016679729635842123,2
20200625150000,2964864.92049297,3161354.61888096,9227.32260162602,0.06416913920480644,0.33227406988575653,-0.020813128964158663,4
20200625160000,3443875.45206126,3111404.53033595,9248.32476377953,-0.1015231804522492,0.17561588953997773,-0.060534010481330065,2
20200625170000,3607461.75730932,3142430.06688464,9271.52142857143,-0.13800800346525677,0.056353776985864065,-0.07940533539100357,2
20200625180000,3452263.66952269,2967649.50358203,9259.84151376147,-0.15125992542690767,0.13799378098376167,-0.05831145728966939,2
20200625190000,3770658.89764822,3153789.47629604,9273.912863247859,-0.17864502194996507,0.2524211645050598,0.011865488952646745,2
20200625200000,4046359.21326125,3400497.85645245,9280.82511111111,-0.1738956678523887,0.0699948327839669,-0.07297215492427363,2
20200625210000,3310649.79044767,3030201.03038906,9304.167538461541,-0.08851551745243126,0.011699277221899989,-0.0746183998297905,2
20200625220000,2807287.03555811,3101914.4287959,9252.05616788321,0.09980092934839453,0.23559461335197693,-0.03754282564665111,4
20200625230000,2799403.86702817,3093285.6600136003,9247.473169642859,0.09982735649675169,0.24794179317302303,-0.030333317531770133,4
20200626000000,2801687.22961123,2748332.58813796,9244.22898373984,-0.019227421506583672,0.240902051519941,-0.032060389123898574,4
20200626010000,3484650.74546758,2555601.68426954,9265.554207920792,-0.3100801338855258,0.07258854899408557,-0.08187065074745307,2
20200626020000,3073302.96716345,2982735.62641588,9238.369496124029,-0.029911993460319537,0.2352783056679183,-0.049549747314682036,4
20200626030000,3201746.96297511,2928650.59563306,9232.89560869565,-0.0891548173931903,0.18278461635063467,-0.06267107191787837,2
20200626040000,3128508.47392464,3098813.69938864,9236.55278260869,-0.009537004440072447,0.14067559782994293,-0.03991252332725934,4
20200626050000,3077794.75559767,2821078.01884824,9229.9855,-0.08709426401261411,0.13747127589343303,-0.030858504627343904,2
20200626060000,2916631.44368104,3090612.44530311,9210.212056451619,0.0579399384573492,0.24147471723902272,0.009397883407079251,4
20200626070000,2643417.87109812,3136379.01824715,9132.357901785721,0.1709962276284046,0.539942347302011,0.0976772394971854,4
20200626080000,2213094.43506976,2428457.2332915002,9124.84396396396,0.09286443927723073,0.5990760556736902,0.08384260529247298,4
20200626090000,2734806.26949347,2763678.09857278,9151.380763358778,0.010501837415153257,0.4117248801769999,0.062313693371906564,2
20200626100000,2840963.14251967,2506782.97594714,9210.24240909091,-0.12514288117386338,0.16222534079468215,-0.028871903450836293,2
20200626110000,2500073.93855224,2643302.41381435,9182.754739130429,0.05570874288267264,0.27647035169849493,0.023217366287926214,4
20200626120000,2499783.56596113,2641449.67051405,9193.70735576923,0.05512372955637718,0.2219196086146673,-0.007461639526668506,4
20200626130000,2639799.54830609,2662844.76941617,9186.2455859375,0.008692027909297502,0.20486409848480025,-0.011663339230119226,4
20200626140000,2626127.36582013,3664226.76189457,9084.5862962963,0.3331070575202246,0.581318789552678,0.24026653492559677,4
20200626150000,2704907.05163905,2717555.79747367,9142.37837037037,0.0046653224294899605,0.41909030853740403,0.07746915604482132,2
20200626160000,2892475.58961127,2796038.64430407,9127.594846938771,-0.033909095291233454,0.5078623643487647,0.09990897966229499,2
20200626170000,2982455.63909623,2759773.03310158,9158.344684684691,-0.07759855918382186,0.30768776660965297,0.0631823024027552,2
20200626180000,2992990.22356414,2984419.57873352,9153.1728440367,-0.0028676804795218593,0.345720367150804,0.06602805325391935,2
20200626190000,2803836.9618778,3095489.90957452,9147.51107692308,0.09895736161890768,0.48229144735665735,0.0803774848617247,4
20200626200000,2816240.63513996,2873119.94321252,9188.371807692309,0.019995640081859105,0.3169150890621716,0.037337179598389274,2
20200626210000,2529779.89881645,2616610.76879639,9184.794259259259,0.033747578214838196,0.32480249966145996,0.035350824685293616,2
20200626220000,2583488.1213905,2534034.78495957,9181.54258333333,-0.019327661762372914,0.3210823532876986,0.03717186469639097,2
20200626230000,2063051.13695897,2255958.07371333,9159.65803030303,0.0893887276663428,0.44714191528129854,0.08229239339394986,4
20200627000000,2124485.69156083,2608056.49765726,9122.88477272728,0.20507556145968997,0.6730751718023977,0.11119205267983288,4
20200627010000,2196966.88024717,2556226.98247985,9127.80427184466,0.15145461806063873,0.6376067871707581,0.1157118447525238,4
20200627020000,2515023.65154353,2936853.79002973,9125.08625,0.15505666119712622,0.6278036823008528,0.11248970605183407,4
20200627030000,2940134.29479189,2995723.48872774,9145.52408088235,0.018730509105602745,0.4781692348036592,0.09274809065713027,2
20200627040000,2891799.11500326,2923230.59725584,9144.23803191489,0.010810534053162174,0.47774281548846836,0.09678183426711524,2
20200627050000,2917655.46420153,3056943.38354355,9150.12794326241,0.04663515192407922,0.43552282761452926,0.10627641729663617,2
20200627060000,2768788.13164882,2811905.6329713,9164.06477272728,0.015452687828462494,0.37548296768615264,0.09677588195439076,2
20200627070000,2696104.28617435,3069891.11149707,9165.30184782609,0.12983421828500152,0.38903193818424936,0.10704831681168533,4
20200627080000,2677325.86031419,3065657.09307421,9165.92479338843,0.1354434493455709,0.37379885765095916,0.09664561691207532,4
20200627090000,2663599.13889286,3010565.14276308,9147.30295833333,0.12244954824047716,0.4168979265540453,0.08385853510904316,4
20200627100000,2351223.08736133,2659446.64693827,9140.490729927009,0.12318241821679907,0.4589719057872822,0.0761871556212618,4
20200627110000,2287145.22536926,2754994.76847217,9138.640045871558,0.18611113027723464,0.5102444717660963,0.09744886874641438,4
20200627120000,2268959.91696227,2690128.06694147,9153.35872093023,0.1702672608752918,0.4144286577978124,0.08619532399149686,4
20200627130000,2373676.54137109,2653753.38997063,9154.12696,0.11153497503202768,0.3937408786621635,0.07229730320050431,4
20200627140000,2596758.53501487,2955254.88625151,9144.247735042729,0.12932095313399283,0.4354001377786851,0.07339105369571293,4
20200627150000,2687574.72186745,3272317.32726947,9138.225462184879,0.19685920014697048,0.4941328933869544,0.0721244031743104,4
20200627160000,2807359.32720586,4144060.64066405,9092.2097080292,0.38943183791081354,0.4900226563379564,0.17189388850301499,4
20200627170000,2961226.6843648,3807086.22562182,9089.91938405797,0.2512605234936449,0.4653114290205799,0.17257297586742268,4
20200627180000,3097450.62250325,4453930.49613284,9083.276102362199,0.363207570580039,0.513164203905487,0.23842168788714105,4
20200627190000,2766279.25781831,4461416.19191245,9041.63113138686,0.4779630584132301,0.5722108674131703,0.30784022009318895,4
20200627200000,2062958.05619693,2256270.09505365,8953.92435185185,0.08957214703246234,0.527651264796666,0.3264868162694763,2
20200627210000,2332251.51060253,2358295.41638503,8962.471709401709,0.011104962313477063,0.4433523193099825,0.30782089092394826,2
20200627220000,2278971.45910658,2000274.65644996,9014.4869140625,-0.13043972740041815,0.24953892457860943,0.19572746377281366,2
20200627230000,2152160.64986024,2185302.71213113,8992.53949640288,0.015282069037440811,0.3503835585433672,0.2493433062590719,2
20200628000000,2102482.83501871,2176103.08329077,8976.20162790698,0.03441675195730074,0.3594030692610877,0.2762033852903524,2
20200628010000,2173423.00232684,2376927.24366004,8962.68563636364,0.08950523427808284,0.44394533122429947,0.31945895201931074,2
20200628020000,2425839.00086236,2653631.37169683,8961.39389763779,0.08975158660716628,0.41029632898465884,0.30936688922685335,2
20200628030000,2415190.1829246003,2631364.76027175,8964.07,0.08572459715525638,0.4034460244326464,0.3048992419832223,2
20200628040000,2535208.21450885,2903609.11562963,8954.646958333331,0.13567871627586225,0.4538093793772712,0.3196761659119894,2
20200628050000,2561504.31695874,3094032.5572715,8962.710580357141,0.18888056508748316,0.44224691875607053,0.3315664536293674,2
20200628060000,2658283.13153145,2736669.89574446,8984.519961538459,0.029061339592398323,0.4057651358917925,0.3106604185496036,2
20200628070000,2575996.09311853,2597985.9051992,8994.277196261679,0.008500201388766808,0.39225021039770686,0.3140356407376606,2
20200628080000,3179178.70636465,2649904.81210463,9016.488344155841,-0.18209917560378278,0.33457824312116713,0.25598598856895904,2
20200628090000,3862875.35201561,2206299.76110862,9051.339622641508,-0.5600950199624483,0.2334242663221378,0.20691842108756606,2
20200628100000,3858426.9394062003,2061507.02122381,9056.665486725658,-0.6268222927230477,0.16881980093408308,0.19287913282456454,0
20200628110000,3806692.68292883,2188556.88277866,9056.07364661654,-0.5535183809459279,0.09465933035016785,0.1609195689623315,0
20200628120000,3452620.69969622,2198911.53688131,9038.98825203252,-0.4511710838069059,0.20117409614571374,0.18808677212700314,2
20200628130000,3408539.35097157,2369974.8996227,9046.89654471545,-0.36340449249238777,0.16522661044571782,0.18118198084617146,0
20200628140000,3308194.352163,2501090.14973745,9118.51827586207,-0.27967583087831216,-0.0903487039030826,-0.08865933973893751,0
20200628150000,3216224.87507394,2502906.23238499,9144.261335877858,-0.25075572305714006,-0.2112495551737059,-0.21275980253789367,2
20200628160000,3169882.61104802,2313925.64092297,9155.77524390244,-0.3147490621658155,-0.26109124140268763,-0.2136593868231324,0
20200628170000,3022615.02352622,2350856.07031108,9138.060166666659,-0.2513428114808691,-0.07437680139085981,-0.17263910261871823,2
20200628180000,3168983.08095835,2395862.26834182,9154.109071428571,-0.279667547169852,-0.15616086985846395,-0.10287741807787751,0
20200628190000,3275310.20672827,2374445.91018971,9146.90485714286,-0.32164847491833615,-0.09894810280936486,-0.09463776176373673,0
20200628200000,3015782.89019533,2295840.93428583,9119.00767326733,-0.27276026497993583,0.1103248894165153,-0.08599153435872393,2
20200628210000,3052479.55049861,2327312.51090083,9108.92672932331,-0.271240054648191,0.11820563268512463,-0.0799933793707702,2
20200628220000,2978134.34714117,2604230.33541118,9093.12941747573,-0.13415987156141176,0.16665178637478859,0.011819825894663087,2
20200628230000,3234101.99344749,2693061.01227201,9103.572097902099,-0.183072829072101,0.13788705412899108,-0.04903148735178653,2
20200629000000,4758739.95589537,2646655.80745928,9104.52040909091,-0.5866860344446234,-0.0061478412336087125,-0.11821443874132534,2
20200629010000,4911554.75256206,2594210.1704437,9120.9304964539,-0.6383084375281396,-0.02769824868383547,-0.15648892942749112,2
20200629020000,4748818.67454483,2560555.94436106,9124.694055944059,-0.6176714863392887,-0.05321502798463103,-0.17614142893278886,2
20200629030000,4281918.6087006,2680834.64119378,9103.18442982456,-0.4682730028914928,-0.0014094336720757651,-0.12073278379296254,2
20200629040000,4261303.0954542,2853913.70881122,9096.10267175573,-0.4008837210350834,0.03998297533322612,-0.06094517122565991,2
20200629050000,4682816.13876234,2812837.92687112,9107.3877037037,-0.5097057559196992,0.013900737289059117,-0.10553224877389543,2
20200629060000,4187960.5991482004,2991303.04295894,9091.173110236221,-0.33650479213881207,0.05770129833830238,-0.024674511695826323,2
20200629070000,3941278.69023848,2958547.19548436,9082.13536585366,-0.2868068758157726,0.02615014331077202,0.029818761977917822,0
20200629080000,3678133.43704794,3130048.61672123,9070.33011111111,-0.16135686837845375,0.03457688764305066,0.06905512241115813,0
20200629090000,4341841.29602269,3038823.91252934,9094.821375,-0.356827950209343,0.01010187536089843,-0.036562929126852946,2
20200629100000,4714788.94781926,2832951.1462627,9107.33375,-0.5093851770458739,-0.042220427538315015,-0.142274833230296,2
20200629110000,4302068.76137681,2868313.21907645,9082.526026785708,-0.40537188585482437,-0.013979019575044889,-0.0005449347247928594,0
20200629120000,4570630.20240525,2828702.34647816,9090.8678125,-0.4798330235861177,-0.01382975901631115,-0.03312241784718495,2
20200629130000,3235671.23459673,3035421.82347404,9049.05386861314,-0.06388599663267573,0.16562617156024353,0.08143508706962445,2
20200629140000,3302600.6942909,2945071.62959425,9059.463592233009,-0.11457710802164496,0.0625898495639096,0.06758638482974165,0
20200629150000,4067089.50075621,2910048.98066032,9084.751611570251,-0.33475772037802143,-0.09483241044018961,-0.10938128672700767,2
20200629160000,4750332.67186924,2721674.84286799,9116.79466666667,-0.5569672099117106,-0.18312175105851242,-0.2806074226258319,2
20200629170000,4967635.1997211,2914004.47080821,9126.89908653846,-0.5334156699041234,-0.22357073999891092,-0.29842353605515165,2
20200629180000,3642206.88666172,2909423.07724773,9145.54693396226,-0.22463497918813508,-0.2331109944485232,-0.2835714852565793,5
20200629190000,3716455.44254183,2896018.96609052,9142.40678571429,-0.24943335245351522,-0.19923773949689239,-0.2682313046519798,4
20200629200000,3969949.07653752,2954787.65290583,9163.78760504202,-0.2953264795409627,-0.29291562802422,-0.20155386672918713,0
20200629210000,3738651.54688082,2317158.39408226,9213.3843877551,-0.4783833926269224,-0.4952738855630383,-0.28730953680794935,1
20200629220000,3799142.62053639,2715281.25251051,9207.031311475408,-0.33587987499477967,-0.45533285733620804,-0.27565168467206036,1
20200629230000,3129977.40215897,2898082.353332,9182.19449612403,-0.07697652397492809,-0.3548085738443623,-0.22347360571934508,3
20200630000000,3480848.8503646003,3155989.61095329,9181.121808510641,-0.09797407542237122,-0.36752552109344644,-0.22983304391269901,3
20200630010000,3411683.73164067,3397746.99625988,9177.058401360551,-0.004093368564165454,-0.3247748609626521,-0.21610862520943921,3
20200630020000,3226815.72879836,3219705.20897315,9178.36511029412,-0.0022060031379501,-0.3591943184798053,-0.23527170398629116,3
20200630030000,3477685.90831953,3231250.26825599,9170.295393700791,-0.07349796142896084,-0.3468096558271071,-0.22983114246836325,3
20200630040000,3336449.62898923,3266628.97319131,9165.74739726028,-0.0211486981635888,-0.3166342551878913,-0.19171955176377733,3
20200630050000,2829100.12281936,3128527.71023327,9143.50958646617,0.10060383048432543,-0.19214211536052062,-0.17785334198160693,3
20200630060000,2307658.64591007,2866884.2097994,9130.70278688524,0.2169923615294671,-0.10520790467559299,-0.16500470127873643,5
20200630070000,2459591.27586056,2847528.55985513,9133.636,0.14645625797277528,-0.15549003167369338,-0.18264278790624947,5
20200630080000,2511431.67441731,2819455.9801915,9128.24237931034,0.11569097276562093,-0.11653190237161959,-0.1783643804662099,5
20200630090000,2633498.72908713,2486774.94298995,9149.44085820895,-0.05732660998964006,-0.2971555296627216,-0.21000762229324427,3
20200630100000,2673761.25472865,2672185.24659755,9151.697180451129,-0.0005896086600814323,-0.3170579203768944,-0.21462624782869427,3
20200630110000,2784733.03765144,2943409.34875085,9142.015520833342,0.05541654034900029,-0.25619874196672077,-0.2096584517253996,3
20200630120000,2801804.04982716,3292420.86513522,9130.91458333333,0.1613596062431945,-0.15419743837484967,-0.19033803179794342,5
20200630130000,2774880.23413159,3253562.62998999,9109.2325,0.1591430024074378,-0.06483831279169414,-0.11785699357794026,5
20200630140000,3137127.95882467,3117717.99720957,9152.53416666667,-0.00620639550723144,-0.22645827821699674,-0.20149299625594655,3
20200630150000,3964562.70418577,2813073.11606888,9173.62212962963,-0.3431180386488002,-0.3131645994564468,-0.21029347912305943,0
20200630160000,3835681.51159783,2807768.30266178,9165.89394736842,-0.3119571579385972,-0.2810796015546137,-0.19675485205059576,0
20200630170000,3718393.20658229,2887384.82301667,9149.24105263158,-0.2529404543407757,-0.20191756859342785,-0.19348462019224008,0
20200630180000,3592705.71438788,3031017.39989448,9138.570653846149,-0.17000726080934225,-0.1448917982169304,-0.17535642953217662,4
20200630190000,3571658.97556003,3000705.91286389,9133.00026923077,-0.1741826216124505,-0.12615592268935444,-0.16422556869049892,2
20200630200000,3197334.50459404,2375962.40640783,9145.903277310921,-0.2969149162249783,-0.1779959457306566,-0.17666846920032078,0
20200630210000,3698741.62898923,2517458.37291238,9161.48131067961,-0.38474285114533124,-0.2751994434418928,-0.1996067758615505,0
20200630220000,3459942.06054772,3045776.79190228,9137.50836,-0.12749587072163865,-0.14322786401472837,-0.1826875514429004,5
20200630230000,3509953.27866545,3162621.07403424,9143.636584158421,-0.10420158886724323,-0.15364458828380448,-0.18270608435091243,5
20200701000000,3220587.72384259,3022261.64611347,9112.95740310078,-0.063558425282965,-0.07385587989900895,-0.14672156973787287,5
20200701010000,3503081.55791321,3171803.2767012003,9116.45793859649,-0.09934274309406563,-0.08927034420049808,-0.16116891001084027,4
20200701020000,3902347.62071264,3121042.81046453,9130.70798449612,-0.22341114596197334,-0.1182147875259239,-0.17528268995767873,2
20200701030000,4027527.92079231,3122764.82429741,9128.77492248062,-0.254433997536085,-0.1258773592437995,-0.17700830085349706,2
20200701040000,3461572.15164631,3008163.3284769,9152.8987804878,-0.14039316231485066,-0.15596566336315135,-0.1637080146087663,5
20200701050000,3197374.04347921,3220215.08729392,9144.88741935484,0.007118293114650874,-0.09952733475778261,-0.1522374388040648,5
20200701060000,3189890.2802734,3165822.68669449,9135.55288793104,-0.00757356688220734,-0.04582875018142196,-0.14519823505468152,5
20200701070000,3421831.29084741,3246955.87438216,9144.05448529412,-0.052457969553374624,-0.10464566824398441,-0.16569821262837808,5
20200701080000,3426043.49663344,2893406.37211522,9163.03257142857,-0.16897161235729713,-0.1649756711405756,-0.16771909451844502,2
20200701090000,3634016.65764778,2918702.01981668,9168.641186440671,-0.21919955010285447,-0.18508035145520266,-0.1581187389262245,0
20200701100000,3306116.12497405,3064378.9727477003,9152.055934959351,-0.07592919445091056,-0.11990612000121341,-0.15219608385465344,5
20200701110000,3140316.08902143,3131925.35930366,9143.99667857143,-0.002675513942576941,-0.04317379948847184,-0.12937222810843013,5
20200701120000,3092375.56809963,3117641.92624013,9147.67066666667,0.008137335388706415,-0.0633852162239389,-0.13311540919932155,5
20200701130000,3639140.54741522,2958800.31485581,9180.97336065574,-0.20696365327712088,-0.18880294466794334,-0.15887702020658007,0
20200701140000,4131440.12734737,2842481.48658676,9227.61619791667,-0.3739486117599151,-0.2705175928496526,-0.2069737815555947,0
20200701150000,4078679.4119647,2729329.20233872,9242.76896,-0.4017173969090834,-0.3093899871970718,-0.21717180837322925,0
20200701160000,4382615.09318813,2634631.84438563,9274.61101626016,-0.5089021447310647,-0.4667204438166299,-0.24967879824265332,0
20200701170000,4902095.51454218,2684735.759225,9281.47434931507,-0.6020804603054001,-0.5652003856924486,-0.2883048235576561,0
20200701180000,4695813.64893035,2701456.9210461,9267.25029411765,-0.5528801709361504,-0.4692931732328746,-0.25985261732788095,0
20200701190000,4813427.60293189,2693648.93926748,9263.95014285714,-0.5805126722805388,-0.46232833858502254,-0.24628973694280243,0
20200701200000,4208290.5437851,2670057.70439406,9248.68221698113,-0.4549564343169534,-0.3729719771137757,-0.2492038520903913,0
20200701210000,3669278.33415872,2628890.90857439,9237.443120567379,-0.33343295405709344,-0.3167460950435813,-0.2416641946333292,0
20200701220000,3932218.03746044,2777608.75795085,9235.686870229,-0.34761325425444617,-0.29384429766477127,-0.23153238270222873,0
20200701230000,3983725.03025238,3186593.93558178,9242.7039,-0.22326470425698006,-0.27313263018535855,-0.2063978108457824,1
20200702000000,4037040.63374869,3376135.5402092002,9238.82388,-0.1787801830589654,-0.23518932889553312,-0.19533676732591143,3
20200702010000,3926426.75378234,3368072.59712524,9235.56776859504,-0.15338913821741015,-0.2217451384370002,-0.19914839911243437,3
20200702020000,4379418.35458698,2935536.13015632,9253.343659793809,-0.40002581535985626,-0.3430850171480937,-0.22962991862476653,0
20200702030000,4072185.75904982,2795965.23117978,9245.13468309859,-0.37600250774100846,-0.3448096536610452,-0.24058100450030925,0
20200702040000,4042051.25443131,2984245.39943248,9238.82504132231,-0.3034053819881676,-0.3046796875717692,-0.23303311115120484,1
20200702050000,4003632.99008997,3397816.11105198,9241.40095652174,-0.16406929146793583,-0.26629204074061924,-0.20654225491882,3
20200702060000,2634007.77881689,3204968.82865375,9195.9214,0.19619580792610108,-0.16259913167353152,-0.17878430545166235,5
20200702070000,3101628.91146818,2809323.12529158,9209.14697580645,-0.09898385515002425,-0.19251143760889408,-0.18980552963201006,3
20200702080000,2766101.61121951,2891198.80016669,9195.315178571429,0.04423225749418764,-0.18773903614362292,-0.18787598974351047,5
20200702090000,3125235.95400996,3056194.10308004,9208.38463636363,-0.022339400928143294,-0.19602579887837956,-0.19195068630199705,3
20200702100000,2678617.95126276,3192086.08564577,9196.86864661655,0.17537367672946494,-0.15505103891318656,-0.17077050136534455,5
20200702110000,2625437.67081995,3267444.68370747,9187.38,0.21876062324635634,-0.1322711614142543,-0.15585538057284265,5
20200702120000,3260176.39336818,2965408.19463157,9212.71142241379,-0.09476660829674077,-0.20492314156964392,-0.18933773404095988,3
20200702130000,3862049.70468255,2808963.17641548,9241.345270270269,-0.3183826152232448,-0.28233946657935494,-0.21873278467551355,0
20200702140000,3351016.47634248,2638320.5963322003,9227.896875,-0.23912114860275913,-0.23310196817936762,-0.20990600783926125,0
20200702150000,2455869.64857682,4862396.44727198,9084.35680952381,0.6830504783342654,0.28633205499300934,0.17282752542433122,5
20200702160000,2508573.68395039,3262490.38041094,9033.672904761908,0.26277648589110436,0.388297561816812,0.21266542076598408,4
20200702170000,2625378.66485917,2771442.19352428,9042.96545454546,0.05414269327129583,0.25914864477338223,0.15072661393897135,2
20200702180000,2662981.29380421,2909987.64367699,9064.926116071421,0.08870255269023693,0.13512003798491729,0.15724391913716723,0
20200702190000,2766767.1920305,3039882.01128805,9058.65935483871,0.09413914264540571,0.18690703407640424,0.17105368197623666,2
20200702200000,2813330.08278958,3357050.58420157,9059.9327238806,0.17669392162754483,0.24765441709281713,0.18313588454521035,2
20200702210000,2590208.74732761,3046619.01280127,9095.1156722689,0.16229398547569274,0.14552595721881875,0.055975186602683746,5
20200702220000,3024892.86098202,2863407.72473718,9118.45330578512,-0.05486324530800241,0.0022683108849301465,-0.09723662048327208,4
20200702230000,2927246.96878366,3279309.46611949,9095.53924603175,0.11357049138025106,0.08338762397114895,-0.018632405266975884,5
20200703000000,2896689.11348867,3566395.55110243,9091.26947826087,0.2079870364312322,0.09791219041257515,0.03332676377317819,5
20200703010000,3126716.32551701,3400232.24912424,9105.09339285715,0.08386038126972757,0.04786979505561275,-0.055479729614091214,5
20200703020000,3091242.42527108,3361213.52610674,9106.43814935065,0.08372898778046718,0.07212808471877011,-0.036888017815186684,5
20200703030000,2677372.06896755,3630989.9830108,9096.73528455284,0.3046695915197491,0.1467310164073835,0.014245831822810008,5
20200703040000,2547069.7058018,3409499.42590327,9091.214024390241,0.2916219211682585,0.15705201448811346,0.07867339439479897,5
20200703050000,2584785.3555227,3209993.7293982003,9100.979262295079,0.21662651378272638,0.01195730032499634,-0.021517022955506233,5
20200703060000,2509046.28935688,2780553.18873249,9098.443623853209,0.10274718012032429,-0.09402224100302944,-0.09336943267200468,3
20200703070000,2478698.88814103,2855463.89537858,9098.08219512195,0.14150053452954467,-0.0822048836342699,-0.08571744781055167,5
20200703080000,2611584.78948639,2694901.55698553,9107.63152671756,0.03140443957279777,-0.11938501380576393,-0.12540661989580815,5
20200703090000,2469393.75332128,2793978.6365603,9094.67683486239,0.12349393810686783,-0.10404602607399217,-0.05287643020159681,3
20200703100000,2386512.26720253,2851477.56032551,9074.04533333333,0.17800430445641285,-0.0994799277540425,0.058393823020451895,3
20200703110000,2526094.39682731,2672481.69233174,9081.4983984375,0.05633312019110498,-0.09020305654294626,0.03429933229458443,3
20200703120000,3138002.6920291,2364072.23352502,9100.87061403509,-0.28320085747732265,-0.15201873765288063,-0.12136413281284365,0
20200703130000,3719201.34553183,2541758.83960374,9107.44787878788,-0.38065265524413733,-0.15745883777998343,-0.14490092127895357,0
20200703140000,4473718.60259604,2901611.19709139,9090.52355932204,-0.4329537970174033,-0.21561500223623892,-0.12968566281383512,0
20200703150000,4415833.56744428,2830509.50721725,9098.08957627119,-0.444739886396699,-0.09636389840004135,-0.12454222994172741,2
20200703160000,3404080.87109629,3184725.57846953,9097.06478991597,-0.06660884338930359,-0.011596057891010609,-0.04772793542630912,2
20200703170000,3012567.57543188,3260924.87680487,9093.387142857142,0.07921812943964465,0.005062350765745916,-0.05010912075108618,5
20200703180000,3192497.16369174,3377451.85967839,9083.399658119659,0.056318117014022416,-0.028755300746438478,0.04663750271719035,3
20200703190000,3346273.41245938,3522103.68367255,9079.16201030928,0.05121113604902843,-0.04116345666246842,0.05652375614167715,1
20200703200000,3290576.76755504,3471484.50013705,9082.00207207207,0.053519453612347556,-0.03879993660417552,0.02585516732687927,3
20200703210000,3003127.18722281,2881802.83384801,9093.67810483871,-0.04123805921524663,-0.04367182627673174,-0.06056553718588917,5
20200703220000,2915042.5689106,2722068.75119584,9094.30262962963,-0.06849226158220934,-0.04538076645250783,-0.0442953765147093,0
20200703230000,2688799.33979874,3100745.48053595,9068.994961832059,0.14254780828202337,-0.018044710391556154,0.08213695019634928,3
20200704000000,2597408.41252263,2977932.78426339,9066.61698198198,0.13671517972955835,-0.001432696826905566,0.09701197910600692,3
20200704010000,2682332.02399229,2951834.99812799,9068.730152671751,0.09574043587228338,-0.015638511960229248,0.08494097932150585,3
20200704020000,2737664.09598261,2560682.98554699,9084.15134782609,-0.0668310229456922,-0.047777448157924104,0.03791140654679048,0
20200704030000,2694776.30472065,2531762.11162101,9084.868230769229,-0.06239964998994517,0.1413683036505007,0.13100436467049179,2
20200704040000,3500192.9662669,2789574.0118037,9086.33446153846,-0.2269291999601336,0.1299813573536918,0.08160118298339311,2
20200704050000,8783812.70297799,2847565.85109144,9084.49578512397,-1.1264460200153017,-0.23290603529619047,-0.12108016352959229,0
20200704060000,10453431.0885931,2980700.30352677,9081.152786259541,-1.2547719842653815,-0.3135900321595556,-0.16630720580655087,0
20200704070000,10490721.672835901,3245354.99252693,9076.38948412698,-1.173266475363167,-0.30071969977835383,-0.1514959242881737,0
20200704080000,10612239.646132002,3071457.19569228,9079.125,-1.2398559130184124,-0.31041104233725514,-0.15860294855076784,0
20200704090000,10699398.088533001,3229900.44755659,9074.27992366412,-1.1977361709077752,-0.3067760921859416,-0.15222792978968797,0
20200704100000,10662620.9230389,3438596.25298627,9068.67787610619,-1.131680931607091,-0.2975278849552556,-0.13549942596807238,0
20200704110000,10722778.9095468,3385130.65696962,9066.53382352941,-1.1529778442574004,-0.2988243086471123,-0.13458342482622082,0
20200704120000,10656859.5443453,3228498.46008293,9069.649285714291,-1.194186617382016,-0.31085597800306664,-0.1487742954942081,0
20200704130000,3951967.32301826,3103919.17679868,9076.50707317073,-0.2415479478049178,0.08541677321810726,0.08657157654127631,0
20200704140000,2719839.15555655,3606062.88134662,9076.975040983609,0.2820438180336575,0.2134912684589281,0.13684768593126095,5
20200704150000,2758581.66784619,3796290.39571602,9063.8601754386,0.31930771909212696,0.25238733704640387,0.17816671662701253,5
20200704160000,2878950.36551096,3596040.01231747,9070.247162162159,0.22240747214565154,0.24488491734429066,0.1564017689917351,4
20200704170000,3042284.75188747,2941714.43848141,9112.17597744361,-0.033616242527090244,0.11602986661361105,0.03269346646638582,2
20200704180000,5591722.31116046,2382823.17843585,9163.714024390241,-0.8530013513457069,-0.23409715705059903,-0.21762665429690445,0
20200704190000,5943622.94721009,2382614.17638779,9129.22156,-0.9141205928884707,-0.16822389517432038,-0.23722434992632999,2
20200704200000,5967296.47932226,2364703.79028873,9130.57566666667,-0.9256412069371199,-0.16576187068293446,-0.23912461715619418,2
20200704210000,3930718.35670854,2375396.57199412,9129.34642307692,-0.503657795914917,-0.03265366965691533,-0.172716244975924,2
20200704220000,3496038.49984162,2413216.94644999,9122.67146825396,-0.3706697803157059,0.01073289454958797,-0.15489926539874058,2
20200704230000,3716590.57125378,2478162.13780564,9124.32768595041,-0.40528952294555504,0.01978168691582422,-0.1502609158328449,2
20200705000000,3781478.17431139,2428568.91036397,9138.523412698409,-0.4428128265045411,-0.1438160921135343,-0.24966746323757327,2
20200705010000,3821971.21794641,2359369.43109062,9131.45188,-0.48237192204344526,-0.13933387679189166,-0.24977139262512763,2
20200705020000,3740813.69665528,2327898.15767153,9127.616159420291,-0.474337371505404,-0.13297252058941816,-0.24896433980946636,2
20200705030000,3776804.84899795,2445537.88582773,9124.504522058829,-0.4346132812044681,-0.11798302012316192,-0.24638569402857818,2
20200705040000,4061541.19065714,2631312.68847726,9123.50234126984,-0.4340796624283652,-0.1238751209231513,-0.2395175723356962,2
20200705050000,3985661.46484317,2637760.4002842004,9115.923504273509,-0.4127730632416059,-0.11163003699294108,-0.21769349754330714,2
20200705060000,2808522.33039732,3565631.41951036,9077.57663551402,0.23868267049155284,-0.014996488945909698,-0.014317487614696,3
20200705070000,2740239.15407704,3753409.24307969,9060.458730769229,0.3146193593595559,0.009407551999822123,0.022815863176829147,3
20200705080000,2795929.28224285,3583662.15671912,9064.26581967213,0.24822069478348485,-0.001302998581392235,0.009828493760235812,3
20200705090000,2754394.33685891,3675701.41174267,9061.799719626171,0.28854639778573876,0.02342306429200686,0.013783202451783126,5
20200705100000,2411302.66550813,3462016.72293925,9031.1490234375,0.3616841605910372,0.17345665367237867,0.022147601518200718,5
20200705110000,2651870.13411522,3359614.97880815,9038.7646,0.23656127568068647,0.15897010241808293,0.02097605037523159,5
20200705120000,2486224.81494266,3386270.18476507,9031.218008849559,0.3089636538029429,0.15555714851415436,0.013957895167633506,5
20200705130000,2502558.61838839,3209564.82834107,9028.3519047619,0.24882170459250003,0.14932011480514934,0.014228426381627577,5
20200705140000,2412094.59735732,3254821.87360586,9025.84226923077,0.29964205266842747,0.15552086739507423,0.017993664394594586,5
20200705150000,2568486.62916815,3179042.71207229,9043.445849056601,0.21326325231775808,0.08338834424673747,0.007797501022994979,5
20200705160000,2478837.62647115,3140605.54290284,9033.34568345324,0.23662587808598368,0.11215866043503546,-0.004641724246141415,5
20200705170000,2521989.64700164,3272443.60035505,9036.82816793893,0.2604888517721078,0.12158670354693557,0.001307296901218694,5
20200705180000,2653923.84552224,3204985.36739822,9039.54434108527,0.18866828353624224,0.11462962737121152,0.003397189301356676,5
20200705190000,2623546.54343012,3090239.75994594,9042.00768181818,0.16372163515957017,0.058504230379507444,-0.005329042900259987,5
20200705200000,2446603.86688494,3259094.91206701,9030.45868421053,0.2867486363526167,0.12723060336470712,0.02072082788723366,5
20200705210000,2312134.72784326,2885657.77437696,9002.78093023256,0.2215816496224804,0.12897988737170504,0.06214041971675826,5
20200705220000,2965622.68367014,2347413.2338744,9058.16666666667,-0.23377305141492036,-0.13519831877163316,-0.04630483558948471,0
20200705230000,3136320.94714874,2510150.87112884,9078.12412751678,-0.22270758073555127,-0.17019087463139,-0.04162597516132099,0
20200706000000,2699087.69255122,2864289.56479742,9072.8119140625,0.05940652475032079,-0.10296733485468924,-0.00794579392935758,3
20200706010000,3357807.70941727,2704671.68936388,9080.20652317881,-0.21630776042733077,-0.17773214679568916,-0.05221617258642805,0
20200706020000,3649147.43442357,2503499.17338859,9103.40946564886,-0.3768041380949543,-0.1772984020267715,-0.17428259999872442,0
20200706030000,3323761.80131905,2725202.11143643,9088.7496350365,-0.19855461947322178,-0.13016476714205258,-0.08631417690406258,0
20200706040000,3240299.38096812,2651368.58022488,9089.88165441177,-0.2005897750148516,-0.1150012481039946,-0.08779158600618206,0
20200706050000,3413736.09337321,2707432.89193202,9095.34903508772,-0.2318064064918813,-0.09260104694399773,-0.12754629880873333,2
20200706060000,3957880.86261634,2451108.76925726,9175.49112612613,-0.4791682652639662,-0.24466930441578957,-0.2140120420857245,0
20200706070000,3897946.40666237,3074807.79416283,9199.14131355932,-0.23720745871707888,-0.2611579353928234,-0.2055543150862846,1
20200706080000,4164777.01225199,3131707.54870673,9195.3553125,-0.28508433719512116,-0.30777206901234466,-0.23440265814191757,1
20200706090000,3866690.61842047,3129455.92713278,9190.75822580645,-0.21153983959859457,-0.3060441205555593,-0.23160743444666437,3
20200706100000,3974785.22063363,3107465.42661128,9193.69609756098,-0.24616329554945654,-0.2879539063870058,-0.23072798898338565,1
20200706110000,4821704.80198686,2562157.92987692,9202.96675182482,-0.6322777141119269,-0.363001771843413,-0.27412854557114436,0
20200706120000,5354992.78157937,2378886.77375668,9229.01996350365,-0.8113967197822217,-0.4718703819081422,-0.3107672594928566,0
20200706130000,5861472.95490297,2399891.38762441,9250.83562992126,-0.8929774483225353,-0.5430369151651893,-0.3387192166166885,0
20200706140000,5734398.25792894,2508455.82233419,9244.07456204379,-0.8268154669664817,-0.49713854714526645,-0.32834980324188723,0
20200706150000,5303150.56803439,2473324.11083151,9271.7953875969,-0.762738051013602,-0.549731943488565,-0.3045001593370508,0
20200706160000,3692859.14907103,2439401.89575942,9320.53355555556,-0.4146481105993468,-0.5543911833816363,-0.25862374296298934,1
20200706170000,4648122.80612179,2526093.95835096,9315.19949152542,-0.6097892207498873,-0.5598705955652107,-0.26214840262399214,0
20200706180000,4567078.00954309,2316331.95347467,9304.37023622047,-0.6788887352361362,-0.6016546867597093,-0.30365267470790225,0
20200706190000,3922379.14695128,2434653.22327487,9285.67343137255,-0.4768940619870897,-0.5434654709221851,-0.2959821297469169,1
20200706200000,3702696.19615915,2558895.09696269,9277.414193548391,-0.3694856933654202,-0.4033118414125936,-0.23544120658056025,1
20200706210000,3656122.48502005,2377435.39792302,9279.70475,-0.43038081270179,-0.38129836753413077,-0.23554125052540173,0
20200706220000,3538639.99421766,2897754.76122296,9279.48831168831,-0.1998062540431305,-0.33572042121830054,-0.21716063782519787,3
20200706230000,3392520.47123865,2463186.78972983,9329.71474358974,-0.32011719241052433,-0.4836717769444473,-0.2509301784269655,1
20200707000000,3246514.48226118,2320694.91989577,9349.7282330827,-0.33571527857628014,-0.5658997337119102,-0.2879109737789257,1
20200707010000,3062965.9068586,2526021.62290047,9320.64808695652,-0.1927381131251565,-0.4281082754990907,-0.2494381347769202,3
20200707020000,2666261.48052521,2449984.91831935,9277.19967391304,-0.08459542791423061,-0.3728319066249699,-0.23001486952116215,3
20200707030000,2947477.28770237,2533371.2755927998,9297.172030075191,-0.1513987120658741,-0.30387364945245393,-0.18741557890335017,3
20200707040000,2743768.72828002,2485032.27603174,9289.56030434783,-0.09904677580787027,-0.3174509513875443,-0.19090904806536038,3
20200707050000,2652858.23834106,2292188.60913596,9280.600294117641,-0.14613055358837362,-0.3289797373664627,-0.1977318706749232,3
20200707060000,2663022.36367359,2362841.7948363996,9268.032789855079,-0.11959665973691623,-0.2517289382043441,-0.1656805148879681,3
20200707070000,2878819.66800822,2835917.06363034,9253.894177631579,-0.015015008538092563,-0.11201110547930589,-0.13471210561830751,5
20200707080000,3047003.7678134,2787717.70340724,9261.9287704918,-0.08893550295411926,-0.18038960159702308,-0.14062287165499457,3
20200707090000,2660639.12554958,2275057.49025685,9244.672095588241,-0.15656104416953726,-0.11859222474155323,-0.1510107658979147,2
20200707100000,2769250.22327385,2473390.72427384,9239.37615384615,-0.11298663391473475,-0.07796409578351085,-0.14202770298200476,4
20200707110000,2537446.17686076,2327196.36835868,9252.81615740741,-0.08649386537560041,-0.12851661314913418,-0.12981579878478988,5
20200707120000,2915092.59494422,2573241.42213279,9270.65335820895,-0.12473522634446034,-0.2380710315696388,-0.15713731985447577,3
20200707130000,3045419.62484483,2664707.64259243,9256.45223809524,-0.13354435048996827,-0.11881079173388473,-0.12625952005691296,2
20200707140000,3125019.95639202,2483382.41998176,9266.663484848481,-0.22981915924980742,-0.18418968363617433,-0.1556018484825505,0
20200707150000,3282948.331189,2804946.14728903,9262.72123134328,-0.1573575601411863,-0.16215294708539446,-0.15528648560822111,1
20200707160000,3343564.96645856,2907183.73222789,9268.63484375,-0.1398527700368789,-0.19458480317569707,-0.16963970190608196,3
20200707170000,3286988.19503427,3074640.21404576,9270.341544715451,-0.06678381241463478,-0.16853687787006166,-0.14750431752768126,3
20200707180000,3304683.35704383,2861779.89590875,9271.33556122449,-0.1438968889807749,-0.20624470044992552,-0.17894588954272542,3
20200707190000,3321166.12125649,2814989.54281957,9251.531300813009,-0.1653574158217069,-0.08600329294489199,-0.14973702982685444,2
20200707200000,3693344.38294281,2595042.4576113997,9227.23111650485,-0.35292950661945977,-0.057073926856341106,-0.1735939954705322,2
20200707210000,3023230.95676537,2287615.15320778,9245.016709401709,-0.2788162556345899,-0.0732303608972278,-0.16201786205937005,2
20200707220000,3963220.20271176,2648599.81773841,9245.53124999999,-0.40302574761919,-0.13775897012693147,-0.18919755480684547,2
20200707230000,4324263.66470621,2743995.43086922,9253.668564814821,-0.45482683022739817,-0.17208610830460794,-0.19835621871815384,2
20200708000000,4068542.51389429,2694276.51390554,9242.08294776119,-0.41215511725651066,-0.12521638894366408,-0.18860391487842182,2
20200708010000,4390527.27109154,2764501.26856115,9262.2712,-0.4625890815137365,-0.24187141031435305,-0.20378078117938198,0
20200708020000,3247937.0616691,2479787.96556504,9294.52297872341,-0.26984698578103483,-0.35170980634709476,-0.23949922169176807,1
20200708030000,2996623.39784504,2127432.02586045,9300.79902255639,-0.3425704900142027,-0.3850385324833319,-0.25186356408050625,1
20200708040000,3035689.22184754,2461581.74407146,9277.220604838709,-0.20963436123582171,-0.2612941414457172,-0.2130695863786686,3
20200708050000,3120347.5395081,2818224.10730394,9269.53509090909,-0.10183744909415307,-0.20260093016168484,-0.19073634214760676,3
20200708060000,3093654.71138898,2581168.21188122,9271.41978991597,-0.18111105474593958,-0.22187784100732913,-0.2036266133108858,3
20200708070000,3294306.58409887,2682898.40050484,9278.798515625,-0.2052979980648042,-0.2489415935220686,-0.21760753100371102,3
20200708080000,3219924.44137757,2608651.30863174,9283.47616279069,-0.21052454607966295,-0.27710515317226153,-0.21703552610467286,3
20200708090000,2792408.64254989,2743989.34528125,9277.82034188034,-0.0174917091939608,-0.22488350816855562,-0.18955514626163367,3
20200708100000,3072910.73900808,2953080.76144087,9287.32909448819,-0.039776284534424396,-0.2675382734069609,-0.20829374972126452,3
20200708110000,3148355.30868405,3013242.78203764,9296.97091603053,-0.04386335718022588,-0.2733900627305601,-0.20429474889921911,3
20200708120000,3247310.33848545,2613531.91954352,9300.42742105263,-0.21712453311480018,-0.3583214939399906,-0.23705384517703165,3
20200708130000,4651350.85138758,2659377.2151478,9335.921710526321,-0.5590657173481107,-0.49637082211755373,-0.28934334139035045,0
20200708140000,5648915.06098201,2232076.3935727,9436.66247619047,-0.9285312316698934,-0.8414552889435459,-0.36576522743943596,0
20200708150000,5444135.48316441,2543648.03303531,9425.39384615384,-0.7609396870618818,-0.7403448629994878,-0.30812517342184736,0
20200708160000,5306044.75616288,2108539.94792692,9415.56840336134,-0.9228509505293343,-0.697175451527704,-0.30091621389916695,0
20200708170000,5867406.84376778,2389295.15190849,9420.03610687023,-0.8984143650411673,-0.6647200926655669,-0.2852329379035004,0
20200708180000,5728199.72594779,2721798.23632612,9419.89179166667,-0.7441085192440982,-0.6178546287457429,-0.2693498384987157,0
20200708190000,5777948.85976915,2842190.28253676,9433.88640740741,-0.7094737699751814,-0.668755058468927,-0.27532599601365587,0
20200708200000,5818666.59776734,2688237.58444441,9435.25071428572,-0.7721853227564309,-0.7109399606924685,-0.31368491882830063,0
20200708210000,5856445.27701314,2691837.78771158,9426.74596296296,-0.7773186587077465,-0.6310358536874277,-0.270054807476263,0
20200708220000,5630892.55197946,2531415.7160076,9450.064918032791,-0.7994892467915685,-0.7033372092092934,-0.373349268775743,0
20200708230000,5426683.28976513,2575239.40522012,9435.01458333333,-0.7453856324311208,-0.700624847396612,-0.30068792148133894,0
20200709000000,5393578.95960383,2738921.74102534,9417.93642857143,-0.677644846721596,-0.6291436935303254,-0.28241874247464743,0
20200709010000,4161405.32868855,3248305.90609089,9401.122746478879,-0.2477192358470767,-0.5188919004739664,-0.24381560126808735,1
20200709020000,3192290.89094344,2855304.8746396,9389.15593495935,-0.11156018306305542,-0.5151446695154517,-0.24662770615981736,3
20200709030000,3064799.10487877,3019073.72672605,9383.55689189189,-0.01503195100301776,-0.4662933040629477,-0.2214428407902729,3
20200709040000,2566293.19191471,2575364.57104898,9391.3145754717,0.0035285851235982986,-0.24844550084080813,-0.10314431638761852,3
20200709050000,2300049.58550584,2639752.52234026,9390.841125,0.13775448960813536,-0.2134341096065726,-0.08682255254934321,3
20200709060000,3070483.21778525,2604361.59939228,9399.5965,-0.164647371383473,-0.21492304782805424,-0.08342066724168196,1
20200709070000,2377096.37935622,2595126.07285251,9401.33870689655,0.08775536423212259,-0.2351187434209415,-0.09104065979816058,3
20200709080000,2284018.72462401,2655491.45301978,9394.136578947371,0.1506932523478942,-0.24310598730030397,-0.10059134659101537,3
20200709090000,2203250.1953886,2770224.81402338,9386.034375,0.228994845523556,-0.24456530226166628,-0.09955500030275143,3
20200709100000,2946629.42117962,2913225.07557926,9372.13379432624,-0.011401207133635847,-0.3006058910533045,-0.16231658187424558,3
20200709110000,3268850.05749129,2438574.81747925,9383.98467741936,-0.29302448122462665,-0.3789995840300952,-0.1807117571718953,1
20200709120000,4759561.3153537,2381674.90018557,9409.110859375,-0.6923515236077241,-0.41632260006485855,-0.17716991777881475,0
20200709130000,3243602.91519011,2707100.04937516,9397.33095238095,-0.18080675338690488,-0.34692279156998557,-0.15393339992935212,1
20200709140000,2992931.66270359,2841387.04609593,9365.463301886792,-0.0519610667765481,-0.3685807510981218,-0.2047772531603586,3
20200709150000,2300062.63256191,2299192.75328015,9218.62551851852,-0.00037826961938685586,0.11172574480736694,-0.11684634920527717,4
20200709160000,2441990.14062323,2743075.21125519,9215.11395161291,0.1162662926600557,0.2048301281945997,-0.07254006513606592,4
20200709170000,2736021.50790198,3262083.53672349,9221.11218487395,0.17586125211695758,0.23336944760794073,-0.05123810526046274,4
20200709180000,2686540.11220024,2866867.46711576,9216.52278195489,0.06496579670562756,0.25426791306565627,-0.04223326364977258,4
20200709190000,2654519.2836355,2774231.88301313,9213.742790697672,0.04411033244548916,0.26828591374650407,-0.03493176353438532,4
20200709200000,2821806.14392011,3068301.29623483,9223.93201030928,0.083746928257188,0.25111965903524003,-0.034149431018248445,4
20200709210000,2523382.94885192,2446275.30985691,9245.926440677958,-0.031033855212165992,0.1245832064357387,-0.07597006304991634,4
20200709220000,2758540.11220113,2849642.27978669,9234.72121428571,0.03249187560474812,0.14943660317849988,-0.0822100709545233,4
20200709230000,2858427.64621568,3068629.62117745,9229.59043103448,0.07095938487626495,0.152033650884578,-0.09633770709036626,4
20200710000000,3022149.59154967,3263728.61171283,9221.42165178571,0.07690192425460819,0.16615211620231848,-0.0898703385728994,4
20200710010000,3033694.57208129,3309219.43010232,9219.13053435114,0.08693113239609532,0.18846508833609651,-0.07668794066300494,4
20200710020000,2979166.87327372,3451264.92410089,9212.55852941177,0.14709711980982834,0.250291361282859,-0.04770031200956187,4
20200710030000,3145931.33180622,3358019.16132366,9217.37404,0.06524128755623242,0.2435406483807531,-0.0474519449580215,4
20200710040000,2955816.69768211,3343338.28058308,9189.06433884298,0.12319480213350698,0.29962708504559277,-0.03443442494485782,4
20200710050000,2715978.41495427,3811646.1814145,9143.67819047619,0.33890890213758496,0.42103727101668903,-0.0034740381171416133,4
20200710060000,2805175.74072726,3702375.05894436,9150.74349557522,0.27750833186052176,0.4089464411803589,0.021224215306067974,4
20200710070000,2788944.61394741,3888912.06696641,9146.18458333333,0.33246619451392967,0.4453499762944354,0.03471580839922076,4
20200710080000,2795114.99737314,3414152.37935179,9167.73741666667,0.20005600732446177,0.36989706266545913,0.01917609333721077,4
20200710090000,2878130.41420365,3486137.54983394,9173.3843852459,0.19165348248678088,0.34510065023644,0.012441458782771942,4
20200710100000,2821431.65699391,3425962.24035554,9173.83885964912,0.19413794243612081,0.3492150338194584,0.010650179173299789,4
20200710110000,2846393.48654151,3316302.31401311,9178.03060126583,0.15279765178417587,0.3381486431544521,0.000315336116717598,4
20200710120000,2698571.62061114,3522058.59900971,9174.06091603053,0.26632304430656606,0.37337713202209905,0.023823902564784043,4
20200710130000,2926584.77260994,3449194.5405737,9183.71234375,0.1643046007218727,0.33000540696344427,-0.0017131220271492018,4
20200710140000,3007407.66249155,3648360.2152982,9175.3448828125,0.19319934458404805,0.3514105662706535,0.013503478383619875,4
20200710150000,2904701.34331022,3197639.58327759,9215.106785714292,0.09608233018870382,0.2700784259168707,-0.03555111962327092,4
20200710160000,2812548.13008349,3095548.75830232,9221.520875,0.09587431489989158,0.2523234208151895,-0.03760568737641291,4
20200710170000,3340205.51805662,3386801.99599322,9213.994864864859,0.013853774682832675,0.2528914028356636,-0.03525714581764268,4
20200710180000,3679449.16312981,3440028.2151559,9216.243151260509,-0.06728338361309123,0.21115231705742366,-0.04822670889845436,2
20200710190000,3643512.15241485,3171210.74772831,9229.05633333333,-0.1388346391756668,0.1776447538504466,-0.0662121241722947,2
20200710200000,3390726.14106872,3120865.19901173,9241.27346456693,-0.0829338286054855,0.1486810585866476,-0.06424919030079873,2
20200710210000,2898566.09964753,2866598.0927434,9224.09932432432,-0.011090173145892767,0.23441328716574714,-0.04615611954855462,4
20200710220000,3056634.98149451,2754779.59144792,9231.94857692308,-0.10397719532300255,0.1951457887508091,-0.05177350010249595,2
20200710230000,2603160.44338976,2335875.07386549,9271.47160583942,-0.10833967710585385,0.034129095394021244,-0.09401393858384804,2
20200711000000,2461131.20054792,2310598.71678633,9283.35451754386,-0.06311440616533508,-0.012557205223063628,-0.0990265514163302,4
20200711010000,2466978.79921456,2420065.11859949,9276.687649253729,-0.01919979543984135,0.017923383594563448,-0.08360362380072382,4
20200711020000,2439344.54611386,2462074.10592291,9274.89664,0.00927475262060912,0.030324940648739005,-0.0699032091227063,4
20200711030000,2505683.53683306,2542584.67853065,9277.11668032787,0.014619587299344133,0.03945513782279709,-0.08276193530603312,4
20200711040000,2477925.69665589,2604478.07059251,9263.35380733945,0.04981050080300676,0.1115116617363557,-0.061113743435887824,4
20200711050000,2566604.59317789,2656714.85278464,9264.20018018018,0.0345064863576247,0.10528047168376473,-0.05987047014888737,4
20200711060000,2532665.1338878996,2659384.57314377,9262.40017241379,0.048822571651536445,0.09831457439217899,-0.06221606619177232,4
20200711070000,2596482.37536211,2812404.61692855,9270.78619469027,0.07988225653965092,0.065026814067613,-0.06654375805985177,5
20200711080000,2691858.68828924,2872331.39025499,9265.13618811881,0.06489211390990643,0.08429733272542264,-0.03972569646998626,4
20200711090000,2492327.94255358,2786361.1679489,9219.69665048544,0.11151931328996402,0.2535810359839373,-0.014827157272439809,4
20200711100000,2483410.70591328,2678217.13949731,9218.34631578947,0.0755184267103294,0.24306314813153812,-0.027492121214457647,4
20200711110000,2438360.93511317,3328257.06256169,9211.107323232329,0.3111226966552454,0.32336291326168487,-0.033853238695160805,4
20200711120000,2363725.48513378,3391652.26448003,9216.210847457629,0.36107822654538557,0.346412238802998,-0.023489461826022587,5
20200711130000,2393254.950079,3496199.11499071,9213.20527027027,0.37902206806794736,0.36620377698682455,-0.01731701904658073,5
20200711140000,2466948.31552575,3469278.91112555,9221.15722222222,0.3409648787782775,0.34075301039326333,-0.03550655922411781,5
20200711150000,2387569.8992353,3220252.68834604,9228.53017241379,0.29918376100817257,0.33246269454536326,-0.04470535853679753,4
20200711160000,2422080.44871719,3132068.73195573,9229.609633027529,0.25706686255690425,0.2811586908769637,-0.04679629294828303,4
20200711170000,2501043.60506749,3606332.73734858,9218.431605504591,0.36598330698026077,0.34166195120060305,-0.025608040108718356,5
20200711180000,2929254.85233771,3917628.14245326,9220.30417475728,0.29073833089881507,0.33228242805081715,-0.026129063318444404,4
20200711190000,2997590.19701555,4036078.51311854,9216.096785714291,0.2974648572886913,0.33610104346150366,-0.020521607929565016,4
20200711200000,3178579.53530141,4315485.54438018,9209.9075572519,0.30577543298881715,0.3322071149570171,-0.023473279667997275,4
20200711210000,3076054.32695238,4354390.01666892,9216.44737288136,0.3475368223902134,0.3499234058161228,-0.019969515180322625,4
20200711220000,3014068.47194885,4132331.44461246,9221.98821138212,0.3155509442165875,0.3353018673826305,-0.02749545619993918,4
20200711230000,2713593.84422036,3563416.17737887,9234.24845070423,0.2724457870081762,0.29613777478163267,-0.04309025585603677,4
20200712000000,2826778.85110496,3277396.38500671,9251.00037037037,0.14791147388387918,0.2209775284966379,-0.0554841480217592,4
20200712010000,3145239.41664891,2723877.92869782,9264.33911290323,-0.14383343934568593,0.08703336244484773,-0.09994226072193255,2
20200712020000,3294934.03685957,2569991.70791351,9269.39661290323,-0.24848347618246105,0.001335196426947503,-0.103245665457887,2
20200712030000,3658684.70330824,2918332.84017804,9280.8394017094,-0.22609120405890895,-0.022591905717943603,-0.1335922389363876,2
20200712040000,3780193.37880752,3228029.683331,9277.890125,-0.15790322079259794,-0.005560186664912081,-0.10581788412951165,2
20200712050000,3500329.12063971,3299200.27407063,9268.35487603305,-0.05917690063054822,0.03015298416854956,-0.0867585683719257,4
20200712060000,3541648.44075964,3319662.20879545,9262.97012711864,-0.0647292465773039,0.0669822320604418,-0.0836378095637645,4
20200712070000,3367050.00226043,3536754.99774947,9257.399597315441,0.04917264869200774,0.10508425633358597,-0.07019317825873565,4
20200712080000,3434854.75796831,3341669.23555161,9261.74172,-0.02750418853385265,0.06882621313107927,-0.08464316775614306,4
20200712090000,2948361.0948497,2874842.05563063,9254.7718220339,-0.025251719334341463,0.11413111278262657,-0.07646104552827693,4
20200712100000,3014640.94317467,2920235.44678693,9262.40234234235,-0.0318164874388523,0.07131703108789,-0.08258743218498214,4
20200712110000,2736759.7734422996,2974932.87279897,9252.027578125,0.08344681879618257,0.1216737341650506,-0.07281950670793698,4
20200712120000,2952190.316044,2753640.19005347,9260.00919491526,-0.06962363303797695,0.08200478344770469,-0.08297489935611445,4
20200712130000,2817013.18126611,2560969.08422821,9254.66737288136,-0.09529143268228676,0.07409689533001042,-0.09315876482970525,2
20200712140000,2409132.05490248,2760816.75053355,9218.08481981982,0.13626002061707806,0.2443848900119798,-0.05357105197288221,4
20200712150000,2683823.26497359,3131773.01538955,9216.73765306123,0.15435693344982032,0.24516130614957907,-0.064340785782827,4
20200712160000,2849333.99238359,3233527.48831497,9218.51214285715,0.12648836288231338,0.2869415603183,-0.050743773307616584,4
20200712170000,2946953.56501407,3593254.22846436,9213.04639285714,0.19828631529394392,0.30026954133665795,-0.04296128797540578,4
20200712180000,2965072.95180903,3828122.92807653,9217.29681102362,0.2554729494806723,0.30725756022844536,-0.03667171542646723,4
20200712190000,2746479.94215072,3560517.73269588,9203.03403669725,0.25958589410680016,0.31981527326316805,-0.029670541531769894,4
20200712200000,2885223.80716183,2978131.71305644,9225.18734126984,0.03169368888920172,0.2808379164567028,-0.06349708015319473,4
20200712210000,2980632.3692273,2949632.72552043,9244.990443548391,-0.010454819666428077,0.2101612487163913,-0.07921833702038375,4
20200712220000,3548249.87062416,2854700.5300694997,9287.21825581395,-0.21748754327458814,0.006521300961506657,-0.13396898973438823,2
20200712230000,3506252.74252176,3030433.89210385,9286.2006504065,-0.14584206448599515,0.035923761611586336,-0.12359546524871262,2
20200713000000,3509332.80418519,3095344.26346567,9286.21252252252,-0.12552680304348607,0.026799973517941493,-0.12247971184618113,2
20200713010000,3456519.1837684,2697778.79242845,9283.89360389611,-0.2478333014826286,0.02757172895411243,-0.12812592718654067,2
20200713020000,3283255.86871403,2692900.96248297,9279.96048780488,-0.19821653570608969,0.05587857766350951,-0.11935017529425478,2
20200713030000,3496156.83742867,2782921.93681566,9277.61511627907,-0.22816288661373813,0.04335837352588526,-0.11801623255969063,2
20200713040000,3751014.64571126,2982487.70118248,9271.76032520325,-0.22926862425302988,0.003981844232570942,-0.1045827005128061,2
20200713050000,3571195.50915725,3109208.81155903,9278.83415322581,-0.13853212384991287,0.014093706307375175,-0.11403357635338911,2
20200713060000,3559573.24845106,3105464.89486332,9270.704623287671,-0.13647723487637653,-0.04051327117797161,-0.14225268521802686,4
20200713070000,3734096.41359625,3383321.86963362,9265.34060483871,-0.09864783671749947,-0.048994454676474376,-0.1436444676414435,4
20200713080000,4080353.98268341,3503560.70202971,9276.47907563025,-0.152403950324914,-0.08296325963050259,-0.16054727728885332,4
20200713090000,4023514.85014904,3383835.700723,9279.942735042741,-0.17314597268123857,-0.09016041269603566,-0.16542617384170094,2
20200713100000,3884212.71550246,3418859.65652035,9276.95154867256,-0.12761325434443582,-0.06937430854358899,-0.14397506853819975,4
20200713110000,3845591.18972592,2949922.33691344,9298.02496124031,-0.26514850305866405,-0.14605632515836442,-0.17832606430109832,2
20200713120000,3703747.17909808,2766054.2287421003,9304.35292792793,-0.2919232197466008,-0.1553979659194797,-0.17977325313352333,2
20200713130000,3702348.05359323,2716535.9031965,9311.52747826087,-0.3096097238167454,-0.16487002076166232,-0.187586707234049,2
20200713140000,4254970.64744655,2855110.93673519,9318.1187254902,-0.39897716428097896,-0.20166108665801466,-0.21147617384665326,2
20200713150000,4319304.62825477,2909537.79107506,9301.371176470591,-0.3951001897321598,-0.19120093248217532,-0.21903420894966025,2
20200713160000,4214836.07144343,3309278.77642684,9295.37720149254,-0.2418804256589566,-0.1455570940163668,-0.18680828720077877,2
20200713170000,5346594.57389507,3308132.43982016,9313.295810810809,-0.4800760174125454,-0.12686591642853012,-0.1594881696070066,2
20200713180000,4552804.22556245,3462901.84748774,9286.462522123891,-0.27363643461470644,-0.09605058525759749,-0.18715415882774272,2
20200713190000,3665423.52403758,3702463.27842538,9246.08383838384,0.010054461317381712,-0.013463510125498328,-0.19222204079474348,5
20200713200000,3523933.47279142,3413439.72780375,9233.727649572651,-0.03185732886073507,0.0008493872435772155,-0.19326070523990146,4
20200713210000,3745961.49586527,3188599.4979258,9248.26451612903,-0.16109653370384705,-0.0802289641415881,-0.2163864042127809,4
20200713220000,3826106.04992809,3646694.99931582,9232.57760162602,-0.04802631109814331,-0.02342237239374332,-0.21609426078107058,4
20200713230000,3954479.34013809,3484495.60202714,9234.65688034188,-0.12652564682831033,-0.056947992121062684,-0.22790576794662654,4
20200714000000,3492875.51586177,3469781.53335257,9223.29622881356,-0.006633693727890769,-0.012611290375817284,-0.21405778063833455,5
20200714010000,3817654.48856737,3580623.63869571,9227.69587837838,-0.06409923981538598,-0.02483156406471524,-0.22305202571372837,4
20200714020000,3873130.1042772997,3766825.70930413,9228.406050724641,-0.027830332736046737,-0.017895198542514732,-0.21498926831655688,4
20200714030000,3797529.04391743,3916326.98930289,9220.344955752209,0.030803618399298138,-0.004164204561669659,-0.20356404100382203,5
20200714040000,3036793.30012543,3855312.88874833,9185.4675877193,0.23865004491551167,0.0046787572250817444,-0.19461117754570642,5
20200714050000,2976884.84290816,4034039.42919708,9181.193289473678,0.30389081467848794,-0.02224882378764808,-0.20122002572445324,5
20200714060000,3243300.51077925,3669933.24396356,9190.7834,0.1235819847731407,-0.061180560043618104,-0.22948509733840125,5
20200714070000,3208556.62943001,3755250.13331807,9184.6304368932,0.15733370853057393,-0.05740891015574656,-0.2236839365160175,5
20200714080000,3190278.80921012,3655147.52635197,9192.87545081967,0.13602814129036342,-0.04941454303168959,-0.20883845902578954,5
20200714090000,3042685.39995209,3490173.85409429,9194.90180672269,0.137211069163449,-0.04681754419754914,-0.208543222459174,5
20200714100000,3072648.37396396,4060515.12049338,9181.46834710744,0.27876999028563304,-0.03286328394036694,-0.19498058036894353,5
20200714110000,3199586.65497009,2876790.26793229,9199.36623893805,-0.10634644880019684,-0.12135834815987097,-0.2559925990028355,5
20200714120000,3576475.97611807,2492051.59127834,9218.96280487805,-0.3612716479240758,-0.17762845211460357,-0.28703387957372145,2
20200714130000,3536943.96128544,2611042.38217551,9207.856033057851,-0.3035135447782671,-0.10297721509957539,-0.24970048878226475,2
20200714140000,3496328.29975986,2924454.27681833,9203.17176136364,-0.178605469389071,-0.08911780719143986,-0.23123471703410237,4
20200714150000,3849574.97898385,3219061.00006903,9218.97047008547,-0.17887304499354506,-0.0895994565029874,-0.2235757142466454,4
20200714160000,3702932.14169948,3363381.43409741,9222.293444444442,-0.09617812942990893,-0.07130045764202421,-0.21530974658900623,4
20200714170000,4497714.42221424,3394111.68759436,9238.186,-0.28152728793875104,-0.12869177107483457,-0.23190513887410177,2
20200714180000,4885643.17908059,3312937.38596917,9251.43344961241,-0.38846571727499746,-0.17557485679747434,-0.23734170771680344,2
20200714190000,5025707.51045632,3413179.96809568,9253.77928571429,-0.3869218434229318,-0.20543357277869856,-0.23996998623720034,2
20200714200000,5614681.80585539,3297351.25198459,9268.19532258065,-0.53226542273063,-0.30692513379547737,-0.26236902297578035,0
20200714210000,4532548.48466628,2980218.02466465,9254.52887931035,-0.4192879002228081,-0.22487305630957174,-0.2534738122966596,2
20200714220000,5238305.33784477,3146167.96437047,9259.0943442623,-0.5098128441869266,-0.21346320445392944,-0.24826765375875787,2
20200714230000,5122931.89170289,3268431.80820638,9260.5531779661,-0.4494166097335702,-0.20861383738147787,-0.23731385277658473,2
20200715000000,5314671.04126641,3209150.73520643,9262.80065891473,-0.5044647836944162,-0.20145503279658872,-0.2366146587091378,2
20200715010000,4927032.27240551,3447559.60584971,9251.576280991741,-0.3570702135306927,-0.16500417938324421,-0.23754680804175585,2
20200715020000,4804653.79920572,3450968.17871517,9243.72369747899,-0.33093016652799356,-0.1508885065848097,-0.2321756436219184,2
20200715030000,4681179.16015363,3590821.17950048,9243.821796116508,-0.2651691183404994,-0.08334602344492367,-0.19363772407271806,2
20200715040000,3877941.56842082,3233266.45416846,9234.965863309351,-0.18181157690535246,-0.028069411149875007,-0.19945252903137098,4
20200715050000,3936754.31123517,3152640.52491629,9239.66004545455,-0.22211624137278455,-0.06053312048566015,-0.20652502969244513,2
20200715060000,3500990.86515255,3190988.27768379,9233.31503937008,-0.09271535902453128,-0.009323721090571143,-0.2025002569076768,4
20200715070000,3528224.39838482,3356032.23002444,9223.90386138614,-0.05003534884519118,0.015200319657541822,-0.18660178117820433,4
20200715080000,3529925.52651748,3376503.64927804,9216.61260504202,-0.04443602259943107,0.012257770630173958,-0.18812835544050427,4
20200715090000,3054931.08954411,3196968.4801689996,9204.66131147541,0.04544597508380867,0.04094226614963688,-0.18288862085047428,5
20200715100000,4058272.3210726,3220740.05854021,9233.13318181818,-0.23114618137177775,-0.058061008543802105,-0.2267365601185804,2
20200715110000,3995474.03965684,3951504.48125789,9232.47689189189,-0.011065842688651756,-0.06576370053255165,-0.24126267696949258,5
20200715120000,4040305.32540198,3993005.31783505,9230.24809734513,-0.011776104842325451,-0.07234704739939044,-0.24262227100596542,5
20200715130000,3802352.25982531,3676416.7542087007,9227.029054054059,-0.033681321240926994,-0.08328969408763413,-0.25669229179102127,5
20200715140000,3891868.13551302,3986657.38639315,9227.0301754386,0.024063849180286374,-0.07257573116660403,-0.2434166601113242,5
20200715150000,3305515.20680529,4096531.85873318,9212.01403846154,0.21454837939486981,-0.05252577003188034,-0.22836839545902726,5
20200715160000,2776548.59476909,3666070.94655664,9195.08986956522,0.2779118580955738,-0.05151366788951127,-0.23546082373666644,5
20200715170000,2863497.91060692,2977268.10013663,9208.99833333333,0.03896221194166708,-0.07383686508549311,-0.2544935499565288,5
20200715180000,2388809.98544031,2921866.45620518,9197.22394736842,0.20142728150978023,-0.08034094569484183,-0.26762408149302797,5
20200715190000,2995319.66071576,4113623.95163624,9174.07407079646,0.31725342273151574,-0.06958468588817543,-0.23648984048984947,5
20200715200000,3461894.8431585,3840171.19980555,9198.23733009708,0.10370086718897982,-0.06190272770363336,-0.2450993321484698,5
20200715210000,3524688.03129683,3303844.32842047,9214.997857142858,-0.06470519213472152,-0.09478264813586311,-0.26971410456172584,5
20200715220000,3675872.10161969,3673743.27447473,9212.617647058822,-0.0005793030235076866,-0.10137772654296213,-0.2650054535816889,5
20200715230000,3101116.11367803,3945768.37409628,9195.534375,0.24088162360256002,-0.06960204407012517,-0.250327955641837,5
20200716000000,3358652.79661486,4341343.63063265,9192.79056521739,0.2566439523267974,-0.05382630186834226,-0.2309368938717056,5
20200716010000,3915920.39715502,3519872.68426205,9209.517898550721,-0.10662557715886008,-0.07802093533444844,-0.23708197770149822,4
20200716020000,3633588.75976784,3520378.10517379,9201.29979020979,-0.031652398865684925,-0.059978408825522335,-0.22612600330674712,5
20200716030000,3469097.01316689,4260865.44298974,9191.993071428571,0.20557796193850897,-0.030734069795671237,-0.19902360308157405,5
20200716040000,3671667.0255341004,3806710.95395519,9201.01974452555,0.036119760305072655,-0.06901510323775378,-0.2202495592024621,5
20200716050000,3604603.63032514,4282230.63065861,9190.53369047619,0.17226223450369457,-0.05955017379010757,-0.2058840329182914,5
20200716060000,3440665.30002127,4075744.73580366,9187.74230769231,0.16938863339250004,-0.06100451233313598,-0.20322369513948804,5
20200716070000,2918495.43084463,3350080.50491059,9129.75,0.13791615678781294,-0.09775077240573612,-0.2524628519892686,5
20200716080000,2839632.09653918,3533263.37496903,9111.110040983609,0.21854741240731665,-0.03203080439790613,-0.213980080938002,5
20200716090000,2652723.35386681,4025323.35447074,9074.53003875969,0.41701845115791036,-0.059101550105324176,-0.0895473863989538,5
20200716100000,3221497.49546808,3843160.98115397,9065.851507936508,0.1764488880012725,-0.059226936319133866,-0.0695675920082412,5
20200716110000,2800578.61290926,4086567.18902275,9083.163794642858,0.3778792562426217,-0.01973603749211117,-0.049962126060789314,5
20200716120000,2795632.43225535,4262605.09509541,9079.39542857143,0.42182214431423914,0.0065722783887909525,-0.0308441594663638,5
20200716130000,2755770.75621873,4589974.39733804,9076.65393939394,0.5101772763347359,0.028092767041673083,-0.00784595913344307,5
20200716140000,2895461.61688031,4374602.3605444,9084.510743801651,0.4126710751930219,0.044544020787895725,-0.053922334019461636,5
20200716150000,3043837.47252205,3522266.07530563,9104.90359375,0.14598550803031485,0.0034924369076192907,-0.16514701792232409,5
20200716160000,3192724.89741594,3430320.84589732,9120.67094202899,0.07177904588846712,-0.061971453792477676,-0.2255238608619066,5
20200716170000,3128173.01330804,3570134.76533472,9121.862166666659,0.13215421215921813,-0.07561743140732333,-0.23488570105262854,5
20200716180000,2897072.9017384998,3385492.69550604,9130.855420560749,0.1557985653257917,-0.10087557900961559,-0.2637462431504946,5
20200716190000,3011512.40235661,3237969.10962569,9118.28995192307,0.07250390342984213,-0.11203802172347888,-0.2747254582090407,5
20200716200000,3096084.65776569,3389292.82729694,9102.452159999999,0.09048299452087714,-0.10638062964843625,-0.2502429810559874,5
20200716210000,2933750.48943944,2892487.34895853,9114.69743589744,-0.014164828677097872,-0.10970777104726297,-0.2654139670732646,5
20200716220000,3079173.95217138,3227781.04001509,9132.99729508197,0.0471335529699332,-0.13541307924757545,-0.2870734239392334,5
20200716230000,3171629.25583127,3276819.73241308,9133.24911764706,0.03262794157283001,-0.13846730761440468,-0.2879703994269634,5
20200717000000,3494161.78671537,3212702.95044696,9124.306551724141,-0.0839808913319562,-0.15275325795972217,-0.29906873000119016,5
20200717010000,3737676.2419355004,3116089.85790276,9123.86530769231,-0.1818851274641274,-0.15105017968671192,-0.2968784724103585,4
20200717020000,3551755.87170765,2936756.07714364,9122.44375886525,-0.19013649589297005,-0.15141536547107656,-0.29660127256793867,4
20200717030000,3559244.86833962,2949031.69609797,9115.31610576923,-0.18807152887051093,-0.13231739568411793,-0.2844707100784868,4
20200717040000,3562339.07479873,3043447.55781234,9112.18421259843,-0.157426434666213,-0.11738400272883898,-0.259070325635939,4
20200717050000,3616549.65831723,3332243.07814798,9098.28397637795,-0.08187476398686244,-0.1506039121445561,-0.226893613047233,5
20200717060000,3541849.75680652,2587500.69513833,9115.18140909091,-0.3139566936017185,-0.16258362254333356,-0.29666817307150706,2
20200717070000,3751610.85045588,2617390.43840275,9113.02243243243,-0.36000750232658324,-0.17438248700755543,-0.2954382635756106,2
20200717080000,3034835.28925816,2929519.23203723,9098.909490740742,-0.03531882767643273,-0.12508557573594417,-0.2531903427865609,5
20200717090000,3362327.0021162997,2831400.50088918,9103.971991869921,-0.17186182853628676,-0.14717110305329595,-0.27467347192060315,4
20200717100000,3526866.51554989,2885837.25211276,9111.860920000001,-0.20059473751951856,-0.15850731747705005,-0.28342637599789855,4
20200717110000,3391349.27086679,3313160.97946157,9110.98143518518,-0.023325144834130788,-0.12615691137470997,-0.2521728322718783,5
20200717120000,3693179.20216025,2820262.71562902,9160.31616935484,-0.2696576173318054,-0.2529229871395648,-0.3048195000407228,4
20200717130000,3886164.6116022994,2876906.63213111,9156.81298387097,-0.30070707938491453,-0.25575154138756745,-0.30773415308864505,4
20200717140000,3896052.87924959,3243002.91209944,9147.2905,-0.18346423310139479,-0.1843373324128414,-0.2871465003862476,5
20200717150000,4074040.87023051,3583690.80166107,9150.53739837398,-0.12824213018745326,-0.17576404909011187,-0.2737256809936537,5
20200717160000,4013655.99126871,3575984.66122896,9151.76082089552,-0.11546197653990091,-0.19067282327583818,-0.2806683369848703,5
20200717170000,3939703.27852449,3436420.87720506,9146.20162878788,-0.1366749233785811,-0.1762239466965746,-0.2828223055585696,5
20200717180000,4266825.53854782,3705216.60873179,9159.93709401709,-0.1411283962270563,-0.21888884041603118,-0.27667054732140506,5
20200717190000,4367685.52074497,3909586.3671497,9160.61584070797,-0.11080165973579174,-0.20582316387802113,-0.26761409637860617,5
20200717200000,4611570.681940401,3638438.17700194,9163.62923076923,-0.23701399357849304,-0.23839789214563978,-0.29545907614074435,5
20200717210000,4325087.82299226,3378507.01280162,9154.25568181818,-0.246998546349353,-0.20974832267435137,-0.29055810031458085,4
20200717220000,4136292.20519787,3013763.60179788,9156.935869565219,-0.3166101201864088,-0.21763375407764296,-0.26050791224292125,2
20200717230000,4072533.78630517,2814603.96699585,9158.24427480916,-0.3694437926528086,-0.24232032466199205,-0.27136839089417697,2
20200718000000,4235254.63194168,2979588.10632549,9158.826201550379,-0.3516583802923341,-0.23504283246614435,-0.25850377550689707,2
20200718010000,4452272.47760142,3270765.95246178,9150.587459677421,-0.3083904412479764,-0.2056494327496541,-0.26465801764556784,2
20200718020000,4248418.7224476,3968186.05062699,9136.39786764706,-0.06823777231416107,-0.1547870360521818,-0.26297094482686956,5
20200718030000,4585624.30243177,4191300.55977322,9136.35571895425,-0.0899151764670709,-0.14358964191560172,-0.2555569002204238,5
20200718040000,4754076.8285428,3906287.64310229,9141.55305755396,-0.19641505853803945,-0.17972138864006623,-0.28143225926419824,4
20200718050000,4732425.55357939,4173788.50881521,9138.49707407408,-0.1256137344271745,-0.170615555812573,-0.2831724467526738,5
20200718060000,4748990.89459197,4920985.17016876,9139.56475609756,0.03557659606498366,-0.11068919896113917,-0.251743507830681,5
20200718070000,4709852.18256206,5053767.03051494,9139.3825,0.07047738805291709,-0.09619255791739155,-0.2423944149588809,5
20200718080000,4656592.37126237,4615153.78240663,9133.03123762376,-0.008938740143273845,-0.13769843781940688,-0.2642568610123701,5
20200718090000,3763792.54887471,3128514.6179565,9173.1702255639,-0.18486877670690938,-0.23169015669100113,-0.2721438442981817,5
20200718100000,3579795.39466429,3098379.66623815,9173.828046875,-0.14442635991926883,-0.23189958081814188,-0.2699088349809056,5
20200718110000,3526713.26800895,3478993.02313285,9169.12134920635,-0.013623460921294473,-0.20684637966520344,-0.2508488619989846,5
20200718120000,3526813.66452412,3450903.2968936004,9170.11819672131,-0.021758796745926554,-0.21166740861074418,-0.2574324996191161,5
20200718130000,3948819.07982957,3535046.68327144,9170.388228346459,-0.11069006180297582,-0.21237253982196408,-0.26040594311079523,5
20200718140000,4210734.60943104,4076559.99151008,9163.961932773109,-0.032383630585307736,-0.18080730253903343,-0.23291312424564856,5
20200718150000,4472004.22168971,4041654.07781253,9170.976607142858,-0.10118264649701608,-0.19368943960503684,-0.2530388419157856,5
20200718160000,4227949.06261817,3866351.88508242,9168.57967479675,-0.08940562320499426,-0.20002926726368786,-0.2519824106558498,5
20200718170000,3985759.16798245,3785163.59496217,9171.550991735541,-0.05163869261868882,-0.17973326740457488,-0.2456176064307629,5
20200718180000,4384134.11819449,3541767.63744596,9189.14788,-0.21336620669912917,-0.1654019985446844,-0.25147798827332907,4
20200718190000,4306587.682782,3271530.33888396,9185.45551546392,-0.27488800063003366,-0.17090304036769,-0.2546070828835515,2
20200718200000,3978221.46073907,3649328.30222205,9176.12490909091,-0.0862917263886163,-0.13115479527666116,-0.21819437848989126,5
20200718210000,3620167.61769707,3423978.116855,9174.79123931624,-0.05571726084331269,-0.13993604142652327,-0.22347318072177055,5
20200718220000,3378001.68207201,2980979.85311144,9175.33947826087,-0.1250322600944021,-0.16464893505773837,-0.23979446775458557,5
20200718230000,3419545.70726325,2835978.49894738,9175.97097122302,-0.18712068094788933,-0.17933450072437146,-0.24840275441638132,4
20200719000000,3554948.04860152,2844967.3243118,9181.03438596491,-0.22278886732529646,-0.1782500210311892,-0.2611846042406641,4
20200719010000,3814753.44987438,3424145.7496242,9173.172616822429,-0.1080240117039803,-0.17043841431560983,-0.24441880964370957,5
20200719020000,3779479.85432029,3505163.69141352,9167.68269230769,-0.075349173832115,-0.17360562673765256,-0.2414322233684584,5
20200719030000,3368248.24492307,3569220.2201352995,9154.878804347829,0.057954345612003556,-0.11061797810930983,-0.22601684168725475,5
20200719040000,3502484.01676952,3554966.0188282006,9154.88788288288,0.014873068670516135,-0.11320862497737082,-0.21804384400657606,5
20200719050000,3546939.0614238,3703635.45956304,9148.666875,0.04322989856681081,-0.11054834679655877,-0.21900519137986824,5
20200719060000,3553765.72394142,3665011.28916088,9149.62269503546,0.030823607017369796,-0.110735025289107,-0.221357392008783,5
20200719070000,3586316.53390243,3767911.07420969,9156.97776595745,0.049395115531656694,-0.10758471951392219,-0.2119793013121474,5
20200719080000,3175036.16769465,3512065.34258882,9150.74776119403,0.10088525744086098,-0.11881717282811523,-0.22640507413588942,5
20200719090000,3123972.69929629,3453050.95600815,9153.06191176471,0.1001526824066303,-0.10391897297487704,-0.21748559040366552,5
20200719100000,2515388.07446051,3769001.02184871,9131.239713114759,0.4043828897957673,-0.022514838673644868,-0.1974176264190481,5
20200719110000,2389580.8868194,3816968.42295292,9127.99310344827,0.46833851158684475,-0.006463450523337685,-0.1946819088881462,5
20200719120000,2365850.84711411,3950778.72206851,9125.65679166667,0.512774980844856,0.004754414324773707,-0.1882134706790424,5
20200719130000,2525614.7179431,3990157.65178666,9131.77965346535,0.45734625609891627,0.003657628682399916,-0.18743790730753057,5
20200719140000,2906761.84565447,4365410.259240899,9134.01838983051,0.4066724794649934,-0.010883168759823625,-0.1923371507640588,5
20200719150000,3000751.47405193,4342435.92927997,9134.51377272727,0.36957271603357084,-0.007957106728577724,-0.19535111008754422,5
20200719160000,3302461.54372762,3729464.17951758,9142.10329059829,0.12159645898064439,-0.05275639817975584,-0.20614078617757603,5
20200719170000,4020814.31641283,3503545.58872985,9156.62064655172,-0.1377089673061624,-0.13402103614009586,-0.22510009627389213,4
20200719180000,4305072.77571297,3523726.92502759,9158.12930851064,-0.20027482765317856,-0.1483260857563057,-0.2287224267829004,4
20200719190000,4425296.22389004,3450656.69665938,9162.05646616541,-0.24877265968388468,-0.16846097294335366,-0.23362083110548854,2
20200719200000,4399086.63748949,3483769.65725554,9169.137892857141,-0.23328199463284668,-0.18565243091277422,-0.2551858548699758,4
20200719210000,4346461.30886973,3421621.81591613,9175.08146341463,-0.2392473679722041,-0.171128631149699,-0.24274951160473462,4
20200719220000,3941236.2369625,2873697.42171802,9183.95662280702,-0.31589493894720005,-0.1912834669713107,-0.2634409688931573,2
20200719230000,3674719.48429786,2438190.55176069,9215.95921259842,-0.41022061189464876,-0.18170861612281328,-0.27284126821743576,2
20200720000000,3341487.46966894,2529916.1657904,9207.038559999999,-0.27822989191073083,-0.14747242499826402,-0.2404032467551601,2
20200720010000,2913641.07492331,2890484.32224689,9188.64863247863,-0.007979453909352492,-0.1094087842089662,-0.21529788788106644,5
20200720020000,3222167.14324501,3327662.75524265,9187.307109375,0.03221602323158631,-0.09614119849952266,-0.20740373259128086,5
20200720030000,3408922.19432282,3258151.37763739,9188.38979452055,-0.045236196824343884,-0.12684905114556067,-0.23576812535096092,5
20200720040000,3536409.36110155,3513594.38905348,9183.882440000001,-0.006472351647562691,-0.1493339768022307,-0.21270803512574804,5
20200720050000,3558264.24048224,3528350.08299614,9183.29028688525,-0.008442489967599852,-0.1478344988367431,-0.2106074384914762,5
20200720060000,3591748.16246537,3399489.6727787005,9186.800826446279,-0.05501371319487178,-0.1627909349027934,-0.2276920640008976,5
20200720070000,2901324.93049578,3165969.85123681,9177.886666666669,0.08729193350396972,-0.1338700807601988,-0.19393201372412555,5
20200720080000,2980047.49742025,3270160.73305401,9183.76033980582,0.09289989841837815,-0.13829270228031318,-0.2127419003039185,5
20200720090000,3168866.25428298,3274854.35026154,9186.18939814815,0.03289951946912905,-0.14406403471921847,-0.2190756938976784,5
20200720100000,2906135.31243863,3025678.17444867,9172.70118055555,0.040311129068230166,-0.12940944085429135,-0.20671733861340683,5
20200720110000,2746828.27138239,3270650.02695219,9155.59176470588,0.1745418599639037,-0.0803342748364644,-0.18672455889039688,5
20200720120000,3163913.47320506,3222004.41398325,9158.68621495327,0.018193952454053017,-0.11221313074395166,-0.21477104685118523,5
20200720130000,3229717.93021647,3915414.35025517,9155.43548672567,0.19252635511894042,-0.04065278297396419,-0.1765946534846635,5
20200720140000,3609607.85761841,3649149.1371923997,9166.98533057851,0.010894887575364737,-0.08045688351153112,-0.18952723350708248,5
20200720150000,3739226.89131064,3629201.24353988,9173.72257936508,-0.02986629554318185,-0.08139656071458112,-0.192121605670395,5
20200720160000,3644888.66225076,3813099.97408379,9173.4565,0.04511668014538197,-0.07227574868237803,-0.1870945315020669,5
20200720170000,4116027.5305094,3324232.61553433,9194.310888888891,-0.2136496514550819,-0.07964622906725348,-0.21650208560215278,4
20200720180000,4383500.59815432,3766916.62965758,9187.99471544716,-0.15159083179803787,-0.08719477241689359,-0.2271941912955536,4
20200720190000,3891642.64179478,4184583.69130337,9169.780766423359,0.07257588114908577,-0.062224926564523886,-0.2131126898367835,5
20200720200000,3771694.62693235,3915096.29710859,9173.39833333333,0.03731552247415335,-0.0715177118484765,-0.21969808205469918,5
20200720210000,3736499.04818196,3958674.98938214,9168.49610169491,0.057760280981915726,-0.066592943860986,-0.20756754326962065,5
20200720220000,3839482.94509266,4443372.92033357,9168.00727272727,0.14607604696710322,-0.05895735963805431,-0.20128563814150321,5
20200720230000,4158671.83607904,4707584.66412447,9169.09618181818,0.12397921320927684,-0.06127091383866136,-0.19713616673435874,5
20200721000000,4464654.42927986,4715511.25685975,9170.22982876712,0.054665526327560755,-0.08580016067820898,-0.21308293664695654,5
20200721010000,4523375.45588123,4605725.51750653,9181.53415322581,0.018041709829099296,-0.0766247900947631,-0.21625238045608444,5
20200721020000,4811034.96386198,5143474.41994114,9179.25020833333,0.06681657812373507,-0.06794038087046053,-0.20759418243521052,5
20200721030000,4340198.80319527,5147939.37626523,9172.73836065573,0.1706763592412388,-0.05998542087890982,-0.19977934735322095,5
20200721040000,4721406.70393901,5009204.27506129,9179.862579365079,0.05917028945855012,-0.05680602773098647,-0.20283942520698672,5
20200721050000,4729745.82526593,4867707.59878229,9184.54195652174,0.0287516430059618,-0.05084522090202637,-0.2126504373263164,5
20200721060000,4767538.79276426,4582218.25593051,9189.70775735294,-0.03964697914935686,-0.06964804256595185,-0.22971800810856988,5
20200721070000,4986201.47839545,3012837.04505449,9248.34925925926,-0.5037922183745542,-0.1638488452381233,-0.272532659192411,2
20200721080000,5107551.23186433,2633331.37477859,9319.78622881356,-0.6624703513222554,-0.20150965162966758,-0.2628406159378096,2
20200721090000,5224745.86333124,2906635.20095975,9326.22899253731,-0.586410034234788,-0.3243699589794404,-0.32023436917603004,0
20200721100000,5294164.70187902,2939259.90051247,9335.64634615384,-0.5884473992266839,-0.4119492659933649,-0.33638361189344923,0
20200721110000,5415274.5517421,2882824.29214305,9347.101106194692,-0.6304531106317203,-0.44505609493834625,-0.33514431052821925,0
20200721120000,4152662.41814444,3536797.01308231,9379.59632743363,-0.1605281560763602,-0.3733453978009865,-0.2645172856323856,3
20200721130000,5663575.00647268,2797519.91004011,9408.38486486487,-0.7053220411464893,-0.5492924369581219,-0.35555160297944927,0
20200721140000,4807744.60363688,2832772.12077993,9392.86095419848,-0.5289722965882644,-0.531033620911595,-0.35953591704020577,1
20200721150000,3897446.03116614,2679872.1280556,9360.61176056338,-0.3745523948427335,-0.3967478013008441,-0.322862680463983,1
20200721160000,3248294.91017405,2527186.98306311,9346.92576642336,-0.25102339588725925,-0.33998930213615586,-0.30521228425531144,3
20200721170000,3740428.14420859,2605061.20592906,9364.4571559633,-0.3617439114480677,-0.3686649446463146,-0.3095831195626928,1
20200721180000,4018697.92516083,2973097.11209618,9383.02360465116,-0.30135374278718996,-0.369459574308647,-0.27532652975888744,1
20200721190000,4018596.89208089,2894240.31711184,9378.41352678571,-0.3282101453467585,-0.33601383307337856,-0.2776991857229766,1
20200721200000,4128543.90477129,3153215.64368846,9372.46968,-0.2695020079748031,-0.3387154109985625,-0.2790077399776674,3
20200721210000,3873032.97274169,2967499.19469058,9379.119962406021,-0.26631833785979886,-0.32971910061823245,-0.2726613525371353,3
20200721220000,4224842.51231149,3309825.31361781,9384.8097107438,-0.24408657226760042,-0.3248678679385493,-0.2682045223862323,3
20200721230000,4443080.3209588,3519171.66021411,9385.62081196581,-0.23312226376726888,-0.3195326565800969,-0.26739275179141175,3
20200722000000,4249242.95281707,3516359.64007796,9377.72824,-0.1893145770169966,-0.2934057749025137,-0.26199430663525003,3
20200722010000,4199706.75561337,3510904.83343709,9372.9277734375,-0.1791409111993809,-0.26898694482336927,-0.25564108532493107,3
